1;LTGS.MOTORRAUM BASIS;;;;;;;;;;;;;;;;;;;;;;;;;;;;;
2;V1;11N_970_700_C;L0L/L0R;1744 (g);~;CU: 647 (g);Al: 0 (g);;;;;;;;;;;;;;;;;;;;;;;
0;Ltg-Nr.;Verbindung;von;Kurzname;Pin;xy;Kontakt;Dichtung;nach;Kurzname;Pin;xy;Kontakt;Dichtung;Leitung;Sonderltg.;Innenleiter;Länge;Farbe;Quer.;Pot.;V1;Ltg-Nr.;;;;;;;
3;700014;X.WAWAA.._151_1_1;151;SP_WAWA;1;1-50H;-;-;XB.J519.1;SAMB;10;1-82F;N_907_647_01;-;N_037_098_5;-;-;881;BR/BL;0,35;X.WAWAA..;x;700014;;;;;;;
3;700021;D.LIN_ICAS_1.._XC.J840.1_1_1;XC.J840.1;BDM;1;1-53F;N_105_974_02;3B0_972_742_B;TIUL.2A1;1TRKMR;2;1-88H;N_105_981_01;-;N_037_094_0;-;-;1432;VI/WS;0,35;D.LIN_ICAS_1..;x;700021;;;;;;;
3;700022;V.30A..HSB_C1_XC.SX1.2_1_1;XC.SX1.2;HSB_C1;1A;1-51E;N_017_506_3;-;XC.J840.1;BDM;2;1-53F;N_107_766_02;3B0_972_742_C;N_037_023_4;-;-;205;RT/VI;1;V.30A..HSB_C1;x;700022;;;;;;;
3;700030;V.30A..HSB_G1_XB.SB.3_1_1;XB.SB.3;EMB_B;1;1-35J;5WA_911_137_E;-;XG.SX1.2;HSB_G1A;1A;1-37J;N_907_420_01;-;N_903_232_01;-;-;300;SW;25;V.30A..HSB_G1;x;700030;;;;;;;
3;700031;V.30.._XA.A.1.1_1_1;XA.A.1.1;BATTPLUS_3;1;1-42H;1EA_915_135;-;XA.SX1.2;HSB_A1;1;1-45J;4H0_971_859_BF;-;N_903_231_02;-;-;295;RT;16;V.30..;x;700031;;;;;;;
3;700032;V.30A..HSB_D1_XD.SX1.2_1_1;XD.SX1.2;HSB_D1A;1A;1-39H;N_907_619_01;-;XA.SC.1;LVSK1;1;1-78F;WHT_008_166;-;N_903_231_01;-;-;1537;SW;16;V.30A..HSB_D1;x;700032;;;;;;;
3;700033;V.30A..HSB_E1_LVI_A2_XE.SX1.2_1_1;XE.SX1.2;HSB_E1A;1A;1-39J;N_908_066_01;-;XA.SC.1;LVSK1;2;1-78F;WHT_008_166;-;N_903_231_01;-;-;1537;SW;16;V.30A..HSB_E1_LVI_A2;x;700033;;;;;;;
1;LTGS.ABS;;;;;;;;;;;;;;;;;;;;;;;;;;;;;
2;V1;11N_970_705_AF;L0L+1X2+F0A;826 (g);;CU: 500 (g);Al: 0 (g);;;;;;;;;;;;;;;;;;;;;;;
2;V2;11N_970_705_AG;L0L+1X2+F0Q;841 (g);;CU: 512 (g);Al: 0 (g);;;;;;;;;;;;;;;;;;;;;;;
2;V3;11N_970_705_AH;L0L+1X1+F0A;845 (g);;CU: 516 (g);Al: 0 (g);;;;;;;;;;;;;;;;;;;;;;;
2;V4;11N_970_705_AJ;L0L+1X1+F0Q;860 (g);;CU: 527 (g);Al: 0 (g);;;;;;;;;;;;;;;;;;;;;;;
2;V5;11N_970_705_AK;L0R+1X2+F0A;887 (g);;CU: 640 (g);Al: 0 (g);;;;;;;;;;;;;;;;;;;;;;;
2;V6;11N_970_705_AL;L0R+1X2+F0Q;905 (g);;CU: 650 (g);Al: 0 (g);;;;;;;;;;;;;;;;;;;;;;;
2;V7;11N_970_705_AM;L0R+1X1+F0A;897 (g);;CU: 650 (g);Al: 0 (g);;;;;;;;;;;;;;;;;;;;;;;
2;V8;11N_970_705_AN;L0R+1X1+F0Q;916 (g);;CU: 659 (g);Al: 0 (g);;;;;;;;;;;;;;;;;;;;;;;
0;Ltg-Nr.;Verbindung;von;Kurzname;Pin;xy;Kontakt;Dichtung;nach;Kurzname;Pin;xy;Kontakt;Dichtung;Leitung;Sonderltg.;Innenleiter;Länge;Farbe;Quer.;Pot.;V1;V2;V3;V4;V5;V6;V7;V8;Ltg-Nr.
3;705003;V.30A..EM_F15_XA.J104.501_1_1;XA.J104.501;ESPB;1;1-72C;N_105_119_02;357_972_742_E;E-BOX;EMBF;15A;1-33H;N_105_119_04;-;N_037_053_1;-;-;2390;RT/GE;4;V.30A..EM_F15;x;x;x;x;-;-;-;-;705003
3;705004;V.30A..EM_F13_XA.J104.501_30_1;XA.J104.501;ESPB;30;1-72C;N_105_118_02;357_972_742_B;E-BOX;EMBF;13A;1-33H;N_907_327_01;-;N_037_043_0;-;-;2390;RT/WS;2,5;V.30A..EM_F13;x;x;x;x;-;-;-;-;705004
3;705005;V.30A..EM_F2_XA.J104.501_6_1;XA.J104.501;ESPB;6;1-72C;N_107_397_01;BLOC_SEAL_120_FLR;J1;SP_30A_F2;1;1-48H;-;-;N_037_003_9;-;-;1855;RT/SW;0,5;V.30A..EM_F2;x;x;x;x;-;-;-;-;705005
3;705006;M.31..MB685_A1_100_1_1;100;SP_MB685A1;1;1-72B;-;-;XA.J104.501;ESPB;14;1-72C;N_105_119_02;357_972_742_E;N_037_058_8;-;-;260;BR;4;M.31..MB685_A1;x;x;x;x;-;-;-;-;705006
3;705007;M.31..MB685_A1_100_1_2;100;SP_MB685A1;1;1-72B;-;-;XA.J104.501;ESPB;46;1-72C;N_105_119_02;357_972_742_E;N_037_058_8;-;-;260;BR;4;M.31..MB685_A1;x;x;x;x;-;-;-;-;705007
3;705008;S.EPB_SW1.._XA.J104.501_21_1;XA.J104.501;ESPB;21;1-72C;N_107_396_01;BLOC_SEAL_120_FLR;TIUR.2A1;7TRKMR;1;1-86B;N_105_974_01;-;N_037_095_6;-;-;1055;BL/GN;0,35;S.EPB_SW1..;x;x;x;x;-;-;-;-;705008
3;705009;S.EPB_SW2.._XA.J104.501_22_1;XA.J104.501;ESPB;22;1-72C;N_107_396_01;BLOC_SEAL_120_FLR;TIUR.2A1;7TRKMR;2;1-86B;N_105_974_01;-;N_037_097_5;-;-;1055;GR/BL;0,35;S.EPB_SW2..;x;x;x;x;-;-;-;-;705009
3;705010;S.EPB_SW3.._XA.J104.501_23_1;XA.J104.501;ESPB;23;1-72C;N_107_396_01;BLOC_SEAL_120_FLR;TIUR.2A1;7TRKMR;3;1-86B;N_105_974_01;-;N_037_095_5;-;-;1055;BL;0,35;S.EPB_SW3..;x;x;x;x;-;-;-;-;705010
3;705011;S.EPB_SW4.._XA.J104.501_24_1;XA.J104.501;ESPB;24;1-72C;N_107_396_01;BLOC_SEAL_120_FLR;TIUR.2A1;7TRKMR;4;1-86B;N_105_974_01;-;N_037_096_7;-;-;1055;GN/GR;0,35;S.EPB_SW4..;x;x;x;x;-;-;-;-;705011
3;705021;S.10..RL_OUT_XA.J104.501_27_1;XA.J104.501;ESPB;27;1-72C;N_107_396_01;BLOC_SEAL_120_FLR;TFWV.1A1;1FWVW;14;1-43F;N_103_360_03;357_972_740_E;N_037_097_3;-;-;2126;GR/RT;0,35;S.10..RL_OUT;x;x;x;x;-;-;-;-;705021
3;705022;S.10..RR_OUT_XA.J104.501_45_1;XA.J104.501;ESPB;45;1-72C;N_107_396_01;BLOC_SEAL_120_FLR;TFWV.1A1;1FWVW;13;1-43F;N_103_360_03;357_972_740_E;N_037_097_0;-;-;2126;GR/WS;0,35;S.10..RR_OUT;x;x;x;x;-;-;-;-;705022
3;705023;S.10..RL_OUT_XA.J104.501.1_27_1;XA.J104.501.1;ESPB_R;27;1-53D;N_107_396_01;BLOC_SEAL_120_FLR;TFWV.1A1;1FWVW;14;1-43F;N_103_360_03;357_972_740_E;N_037_097_3;-;-;1315;GR/RT;0,35;S.10..RL_OUT;-;-;-;-;x;x;x;x;705023
3;705024;S.10..RR_OUT_XA.J104.501.1_45_1;XA.J104.501.1;ESPB_R;45;1-53D;N_107_396_01;BLOC_SEAL_120_FLR;TFWV.1A1;1FWVW;13;1-43F;N_103_360_03;357_972_740_E;N_037_097_0;-;-;1315;GR/WS;0,35;S.10..RR_OUT;-;-;-;-;x;x;x;x;705024
3;705033;M.31..MB792_A1_83_1_1;83;SP_MB792A2;1;1-53B;-;-;XB.NX6.501.1;EBKVB_R;1;1-56B;N_105_112_03;357_972_740_E;N_037_008_8;-;-;378;BR;0,5;M.31..MB792_A1;-;-;-;-;x;x;x;x;705033
3;705034;S.WK_BFG.._XB.NX6.501.1_2_1;XB.NX6.501.1;EBKVB_R;2;1-56B;N_105_112_03;357_972_740_E;XB.J519.1;SAMB;13;1-82F;N_907_649_01;-;N_037_005_8;-;-;1911;BL/BR;0,5;S.WK_BFG..;-;-;-;-;x;x;x;x;705034
3;705035;V.30A..EM_F32_XA.NX6.501.1_1_1;XA.NX6.501.1;EBKVA_R;1;1-57C;N_105_120_02;357_972_742_C;E-BOX;EMBF;32A;1-33H;N_105_120_04;-;N_037_063_3;-;-;2441;RT;6;V.30A..EM_F32;-;-;-;-;x;x;x;x;705035
3;705036;M.31..MB685_A1_XA.685.2.1_1_1;XA.685.2.1;MB685A_R;1;1-69B;6Q0_971_859_A;-;XA.NX6.501.1;EBKVA_R;9;1-57C;N_105_120_02;357_972_742_C;N_037_068_8;-;-;580;BR;6;M.31..MB685_A1;-;-;-;-;x;x;x;x;705036
3;705037;S.BLS..SAM_C58_XA.NX6.501.1_11_1;XA.NX6.501.1;EBKVA_R;11;1-57C;N_105_111_03;357_972_740_E;TIUL.2C1;3TRKMR;2;1-87G;N_105_981_01;-;N_037_099_3;-;-;2348;SW/RT;0,35;S.BLS..SAM_C58;-;-;-;-;x;x;x;x;705037
3;705045;D.CAN_EBKV_H.._XA.J104.501.1_7_1;XA.J104.501.1;ESPB_R;7;1-53D;N_107_396_01;BLOC_SEAL_120_FLR;XA.NX6.501.1;EBKVA_R;16;1-57C;N_105_111_03;357_972_740_E;N_108_151_35;SL705045;2-sw;2321;SW;0,35;D.CAN_EBKV_H..;-;-;-;-;x;-;x;-;705045
3;705046;D.CAN_EBKV_L.._XA.J104.501.1_8_1;XA.J104.501.1;ESPB_R;8;1-53D;N_107_396_01;BLOC_SEAL_120_FLR;XA.NX6.501.1;EBKVA_R;15;1-57C;N_105_111_03;357_972_740_E;N_108_151_35;SL705045;1-or/sw;2321;OR/SW;0,35;D.CAN_EBKV_L..;-;-;-;-;x;-;x;-;705046
3;705049;M.31..MB672-886_D1_212_1_1;212;SP_MB671A1;1;1-54E;-;-;XA.J104.501.1;ESPB_R;14;1-53D;N_105_119_02;357_972_742_E;N_037_058_8;-;-;250;BR;4;M.31..MB672-886_D1;-;-;-;-;x;x;x;x;705049
3;705050;M.31..MB672-886_D1_212_1_2;212;SP_MB671A1;1;1-54E;-;-;XA.J104.501.1;ESPB_R;46;1-53D;N_105_119_02;357_972_742_E;N_037_058_8;-;-;250;BR;4;M.31..MB672-886_D1;-;-;-;-;x;x;x;x;705050
3;705051;V.30A..EM_F15_XA.J104.501.1_1_1;XA.J104.501.1;ESPB_R;1;1-53D;N_105_119_02;357_972_742_E;E-BOX;EMBF;15A;1-33H;N_105_119_04;-;N_037_053_1;-;-;1580;RT/GE;4;V.30A..EM_F15;-;-;-;-;x;x;x;x;705051
3;705052;V.30A..EM_F13_XA.J104.501.1_30_1;XA.J104.501.1;ESPB_R;30;1-53D;N_105_118_02;357_972_742_B;E-BOX;EMBF;13A;1-33H;N_907_327_01;-;N_037_043_0;-;-;1580;RT/WS;2,5;V.30A..EM_F13;-;-;-;-;x;x;x;x;705052
3;705053;V.30A..EM_F2_XA.J104.501.1_6_1;XA.J104.501.1;ESPB_R;6;1-53D;N_107_397_01;BLOC_SEAL_120_FLR;J1;SP_30A_F2;1;1-48H;-;-;N_037_003_9;-;-;1044;RT/SW;0,5;V.30A..EM_F2;-;-;-;-;x;x;x;x;705053
3;705054;S.EPB_SW1.._XA.J104.501.1_21_1;XA.J104.501.1;ESPB_R;21;1-53D;N_107_396_01;BLOC_SEAL_120_FLR;TIUR.2A1;7TRKMR;1;1-86B;N_105_974_01;-;N_037_095_6;-;-;2806;BL/GN;0,35;S.EPB_SW1..;-;-;-;-;x;x;x;x;705054
3;705055;S.EPB_SW2.._XA.J104.501.1_22_1;XA.J104.501.1;ESPB_R;22;1-53D;N_107_396_01;BLOC_SEAL_120_FLR;TIUR.2A1;7TRKMR;2;1-86B;N_105_974_01;-;N_037_097_5;-;-;2806;GR/BL;0,35;S.EPB_SW2..;-;-;-;-;x;x;x;x;705055
3;705056;S.EPB_SW3.._XA.J104.501.1_23_1;XA.J104.501.1;ESPB_R;23;1-53D;N_107_396_01;BLOC_SEAL_120_FLR;TIUR.2A1;7TRKMR;3;1-86B;N_105_974_01;-;N_037_095_5;-;-;2806;BL;0,35;S.EPB_SW3..;-;-;-;-;x;x;x;x;705056
3;705057;S.EPB_SW4.._XA.J104.501.1_24_1;XA.J104.501.1;ESPB_R;24;1-53D;N_107_396_01;BLOC_SEAL_120_FLR;TIUR.2A1;7TRKMR;4;1-86B;N_105_974_01;-;N_037_096_7;-;-;2806;GN/GR;0,35;S.EPB_SW4..;-;-;-;-;x;x;x;x;705057
3;705059;V.30A..EM_F2_XF.SB.3_2A_1;E-BOX;EMBF;2A;1-33H;N_907_326_01;-;J1;SP_30A_F2;1;1-48H;-;-;N_037_003_9;-;-;736;RT/SW;0,5;V.30A..EM_F2;x;x;x;x;x;x;x;x;705059
3;705060;V.30A..EM_F2_XF.SB.3_41_1;E-BOX;EMBF;41;1-33H;N_105_117_01;-;J1;SP_30A_F2;1;1-48H;-;-;N_037_003_9;-;-;736;RT/SW;0,5;V.30A..EM_F2;x;x;x;x;x;x;x;x;705060
3;705061;S.DZ_S..FL_XA.J104.501_33_1;XA.J104.501;ESPB;33;1-72C;N_107_396_01;BLOC_SEAL_120_FLR;TFWV.1B1;2FWVW;3;1-42D;N_103_360_03;357_972_740_E;N_037_097_9;-;-;2056;GR/SW;0,35;S.DZ_S..FL;-;-;x;x;-;-;-;-;705061
3;705063;S.DZ_S..FL_XA.J104.501.1_33_1;XA.J104.501.1;ESPB_R;33;1-53D;N_107_396_01;BLOC_SEAL_120_FLR;TFWV.1B1;2FWVW;3;1-42D;N_103_360_03;357_972_740_E;N_037_097_9;-;-;1245;GR/SW;0,35;S.DZ_S..FL;-;-;-;-;-;-;x;x;705063
3;705065;M.31..MB672-886_D1_XD.886.2.1_1_1;XD.886.2.1;MB886D_R;1;1-52J;6Q0_971_859_A;-;212;SP_MB671A1;1;1-54E;-;-;N_037_068_8;-;-;1005;BR;6;M.31..MB672-886_D1;-;-;-;-;x;x;-;-;705065
3;705066;M.31..MB685_A1_XA.685.2_1_1;XA.685.2;MB685A;1;1-70B;6Q0_971_859_A;-;100;SP_MB685A1;1;1-72B;-;-;N_037_068_8;-;-;470;BR;6;M.31..MB685_A1;x;x;x;x;-;-;-;-;705066
3;705089;D.CAN_F_H..FD_XA.NX6.501.1_12_1;XA.NX6.501.1;EBKVA_R;12;1-57C;N_105_111_03;357_972_740_E;E127;SP_CANHFW3;1;1-71D;-;-;N_108_564_04;SL705089;1-ws;813;WS;0,35;D.CAN_F_H..FD;-;-;-;-;x;x;x;x;705089
3;705090;D.CAN_F_L..FD_XA.NX6.501.1_13_1;XA.NX6.501.1;EBKVA_R;13;1-57C;N_105_111_03;357_972_740_E;E128;SP_CANLFW3;1;1-71D;-;-;N_108_564_04;SL705089;2-or/br;793;OR/BR;0,35;D.CAN_F_L..FD;-;-;-;-;x;x;x;x;705090
3;705091;D.CAN_F_H..FD_E127_1_1;E127;SP_CANHFW3;1;1-71D;-;-;TIUL.2B1;2TRKMR;3;1-87G;N_105_981_01;-;N_108_564_04;SL705090;1-ws;1724;WS;0,35;D.CAN_F_H..FD;-;-;-;-;x;x;x;x;705091
3;705092;D.CAN_F_L..FD_E128_1_1;E128;SP_CANLFW3;1;1-71D;-;-;TIUL.2B1;2TRKMR;4;1-87G;N_105_981_01;-;N_108_564_04;SL705090;2-or/br;1744;OR/BR;0,35;D.CAN_F_L..FD;-;-;-;-;x;x;x;x;705092
3;705099;D.CAN_F_H..FD_E127_1_3;E127;SP_CANHFW3;1;1-71D;-;-;TLENK1.1A1;1ELE;1;1-42E;N_103_360_03;357_972_740_E;N_108_564_04;SL705099;1-ws;1517;WS;0,35;D.CAN_F_H..FD;-;-;-;-;x;x;x;x;705099
3;705100;D.CAN_F_L..FD_E128_1_3;E128;SP_CANLFW3;1;1-71D;-;-;TLENK1.1A1;1ELE;2;1-42E;N_103_360_03;357_972_740_E;N_108_564_04;SL705099;2-or/br;1537;OR/BR;0,35;D.CAN_F_L..FD;-;-;-;-;x;x;x;x;705100
3;705109;M.31..MB673_B1_179_1_1;179;SP_MB673B1;1;1-41F;-;-;XB.NX6.501;EBKVB_2;1;1-49H;N_105_112_03;357_972_740_E;N_037_008_8;-;-;935;BR;0,5;M.31..MB673_B1;x;x;x;x;-;-;-;-;705109
3;705110;S.WK_BFG.._XB.NX6.501_2_1;XB.NX6.501;EBKVB_2;2;1-49H;N_105_112_03;357_972_740_E;XB.J519.1;SAMB;13;1-82F;N_907_649_01;-;N_037_005_8;-;-;1197;BL/BR;0,5;S.WK_BFG..;x;x;x;x;-;-;-;-;705110
3;705111;V.30A..EM_F32_XA.NX6.501_1_1;XA.NX6.501;EBKVA_2;1;1-47H;N_105_120_02;357_972_742_C;E-BOX;EMBF;32A;1-33H;N_105_120_04;-;N_037_063_3;-;-;1295;RT;6;V.30A..EM_F32;x;x;x;x;-;-;-;-;705111
3;705112;M.31..MB672-886_D1_XD.886.2_1_1;XD.886.2;MB886D;1;1-51J;6Q0_971_859_A;-;XA.NX6.501;EBKVA_2;9;1-47H;N_105_120_02;357_972_742_C;N_037_068_8;-;-;560;BR;6;M.31..MB672-886_D1;x;x;-;-;-;-;-;-;705112
3;705113;S.BLS..SAM_C58_XA.NX6.501_11_1;XA.NX6.501;EBKVA_2;11;1-47H;N_105_111_03;357_972_740_E;TIUL.2C1;3TRKMR;2;1-87G;N_105_981_01;-;N_037_099_3;-;-;1482;SW/RT;0,35;S.BLS..SAM_C58;x;x;x;x;-;-;-;-;705113
3;705140;D.CAN_EBKV_H.._XA.NX6.501_16_1;XA.NX6.501;EBKVA_2;16;1-47H;N_105_111_03;357_972_740_E;XA.J104.501;ESPB;7;1-72C;N_107_396_01;BLOC_SEAL_120_FLR;N_108_151_35;SL705140;2-sw;2186;SW;0,35;D.CAN_EBKV_H..;x;-;x;-;-;-;-;-;705140
3;705141;D.CAN_EBKV_L.._XA.J104.501_8_1;XA.J104.501;ESPB;8;1-72C;N_107_396_01;BLOC_SEAL_120_FLR;XA.NX6.501;EBKVA_2;15;1-47H;N_105_111_03;357_972_740_E;N_108_151_35;SL705140;1-or/sw;2186;OR/SW;0,35;D.CAN_EBKV_L..;x;-;x;-;-;-;-;-;705141
3;705142;D.CAN_EBKV_H.._E159_1_1;E159;SP_CANHBKV;1;1-55G;-;-;XA.NX6.501;EBKVA_2;16;1-47H;N_105_111_03;357_972_740_E;N_108_151_35;SL705142;2-sw;908;SW;0,35;D.CAN_EBKV_H..;-;x;-;x;-;-;-;-;705142
3;705143;D.CAN_EBKV_L.._E160_1_1;E160;SP_CANLBKV;1;1-56G;-;-;XA.NX6.501;EBKVA_2;15;1-47H;N_105_111_03;357_972_740_E;N_108_151_35;SL705142;1-or/sw;887;OR/SW;0,35;D.CAN_EBKV_L..;-;x;-;x;-;-;-;-;705143
3;705144;D.CAN_EBKV_H.._E159_1_2;E159;SP_CANHBKV;1;1-55G;-;-;XA.J104.501;ESPB;7;1-72C;N_107_396_01;BLOC_SEAL_120_FLR;N_108_151_35;SL705144;2-sw;1804;SW;0,35;D.CAN_EBKV_H..;-;x;-;x;-;-;-;-;705144
3;705145;D.CAN_EBKV_L.._E160_1_2;E160;SP_CANLBKV;1;1-56G;-;-;XA.J104.501;ESPB;8;1-72C;N_107_396_01;BLOC_SEAL_120_FLR;N_108_151_35;SL705144;1-or/sw;1783;OR/SW;0,35;D.CAN_EBKV_L..;-;x;-;x;-;-;-;-;705145
3;705146;D.CAN_EBKV_H.._TIUL.2C1_5_1;TIUL.2C1;3TRKMR;5;1-87G;N_105_981_01;-;E159;SP_CANHBKV;1;1-55G;-;-;N_108_151_35;SL705146;2-sw;1100;SW;0,35;D.CAN_EBKV_H..;-;x;-;x;-;x;-;x;705146
3;705147;D.CAN_EBKV_L.._TZPT.1AS1_2_1;E160;SP_CANLBKV;1;1-56G;-;-;TIUL.2C1;3TRKMR;6;1-87G;N_105_981_01;-;N_108_151_35;SL705146;1-or/sw;1079;OR/SW;0,35;D.CAN_EBKV_L..;-;x;-;x;-;x;-;x;705147
3;705148;D.CAN_EBKV_H.._E159_1_3;E159;SP_CANHBKV;1;1-55G;-;-;XA.NX6.501.1;EBKVA_R;16;1-57C;N_105_111_03;357_972_740_E;N_108_151_35;SL705148;2-sw;1854;SW;0,35;D.CAN_EBKV_H..;-;-;-;-;-;x;-;x;705148
3;705149;D.CAN_EBKV_L.._E160_1_3;E160;SP_CANLBKV;1;1-56G;-;-;XA.NX6.501.1;EBKVA_R;15;1-57C;N_105_111_03;357_972_740_E;N_108_151_35;SL705148;1-or/sw;1833;OR/SW;0,35;D.CAN_EBKV_L..;-;-;-;-;-;x;-;x;705149
3;705150;D.CAN_EBKV_H.._E159_1_4;E159;SP_CANHBKV;1;1-55G;-;-;XA.J104.501.1;ESPB_R;7;1-53D;N_107_396_01;BLOC_SEAL_120_FLR;N_108_151_35;SL705150;2-sw;666;SW;0,35;D.CAN_EBKV_H..;-;-;-;-;-;x;-;x;705150
3;705151;D.CAN_EBKV_L.._E160_1_4;E160;SP_CANLBKV;1;1-56G;-;-;XA.J104.501.1;ESPB_R;8;1-53D;N_107_396_01;BLOC_SEAL_120_FLR;N_108_151_35;SL705150;1-or/sw;688;OR/SW;0,35;D.CAN_EBKV_L..;-;-;-;-;-;x;-;x;705151
3;705152;S.SIGNAL..NX6_A17_XA.NX6.501.1_17_1;XA.NX6.501.1;EBKVA_R;17;1-57C;N_105_115_03;357_972_741_B;TFWV.1A1;1FWVW;8;1-43F;N_103_190_02;357_972_741_B;N_037_048_0;-;-;2176;BR/WS;2,5;S.SIGNAL..NX6_A17;-;-;-;-;x;x;x;x;705152
3;705153;S.SIGNAL..NX6_A26_XA.NX6.501.1_26_1;XA.NX6.501.1;EBKVA_R;26;1-57C;N_105_115_03;357_972_741_B;TFWV.1A1;1FWVW;7;1-43F;N_103_190_02;357_972_741_B;N_037_043_1;-;-;2176;RT/GE;2,5;S.SIGNAL..NX6_A26;-;-;-;-;x;x;x;x;705153
3;705154;S.DZ_S..FR_XA.J104.501_19_1;XA.J104.501;ESPB;19;1-72C;N_107_396_01;BLOC_SEAL_120_FLR;TFWV.1B1;2FWVW;4;1-42D;N_103_360_03;357_972_740_E;N_037_097_5;-;-;2056;GR/BL;0,35;S.DZ_S..FR;-;-;x;x;-;-;-;-;705154
3;705155;S.DZ_S..FR_XA.J104.501.1_19_1;XA.J104.501.1;ESPB_R;19;1-53D;N_107_396_01;BLOC_SEAL_120_FLR;TFWV.1B1;2FWVW;4;1-42D;N_103_360_03;357_972_740_E;N_037_097_5;-;-;1245;GR/BL;0,35;S.DZ_S..FR;-;-;-;-;-;-;x;x;705155
3;705156;S.SIGNAL..NX6_A17_XA.NX6.501_17_1;XA.NX6.501;EBKVA_2;17;1-47H;N_105_115_03;357_972_741_B;TFWV.1A1;1FWVW;8;1-43F;N_103_190_02;357_972_741_B;N_037_048_0;-;-;1030;BR/WS;2,5;S.SIGNAL..NX6_A17;x;x;x;x;-;-;-;-;705156
3;705157;S.SIGNAL..NX6_A26_XA.NX6.501_26_1;XA.NX6.501;EBKVA_2;26;1-47H;N_105_115_03;357_972_741_B;TFWV.1A1;1FWVW;7;1-43F;N_103_190_02;357_972_741_B;N_037_043_1;-;-;1030;RT/GE;2,5;S.SIGNAL..NX6_A26;x;x;x;x;-;-;-;-;705157
3;705160;D.CAN_F_H..FD_XA.J104.501_42_1;XA.J104.501;ESPB;42;1-72C;N_107_396_01;BLOC_SEAL_120_FLR;ID_CON8;SP_CANHFWV1;1;1-50A;-;-;N_108_564_04;SL705160;1-ws;644;WS;0,35;D.CAN_F_H..FD;x;x;-;-;-;-;-;-;705160
3;705161;D.CAN_F_L..FD_E126_1_1;ID_CON9;SP_CANLFWV1;1;1-50A;-;-;XA.J104.501;ESPB;26;1-72C;N_107_396_01;BLOC_SEAL_120_FLR;N_108_564_04;SL705160;2-or/br;644;OR/BR;0,35;D.CAN_F_L..FD;x;x;-;-;-;-;-;-;705161
3;705162;ID_WIR26;ID_CON8;SP_CANHFWV1;1;1-50A;-;-;ID_CON17;SP_CANHFW5;1;1-55G;-;-;N_108_564_04;SL705162;1-ws;1760;WS;0,35;D.CAN_F_H..FD;x;x;-;-;-;-;-;-;705162
3;705163;ID_WIR28;ID_CON9;SP_CANLFWV1;1;1-50A;-;-;ID_CON16;SP_CANLFW5;1;1-55G;-;-;N_108_564_04;SL705162;2-or/br;1710;OR/BR;0,35;D.CAN_F_L..FD;x;x;-;-;-;-;-;-;705163
3;705164;D.CAN_F_H..FD_E123_1_3;ID_CON13;SP_CANHFWV5;1;1-52H;-;-;XA.NX6.501;EBKVA_2;12;1-47H;N_105_111_03;357_972_740_E;N_108_564_04;SL705164;1-ws;666;WS;0,35;D.CAN_F_H..FD;x;x;x;x;-;-;-;-;705164
3;705165;D.CAN_F_L..FD_E124_1_3;ID_CON12;SP_CANLFWV5;1;1-51H;-;-;XA.NX6.501;EBKVA_2;13;1-47H;N_105_111_03;357_972_740_E;N_108_564_04;SL705164;2-or/br;685;OR/BR;0,35;D.CAN_F_L..FD;x;x;x;x;-;-;-;-;705165
3;705168;D.CAN_F_H..FD_XA.J104.501.1_42_1;XA.J104.501.1;ESPB_R;42;1-53D;N_107_396_01;BLOC_SEAL_120_FLR;ID_CON14;SP_CANHFWV3;1;1-84H;-;-;N_108_564_04;SL705168;1-ws;1337;WS;0,35;D.CAN_F_H..FD;-;-;-;-;x;x;x;x;705168
3;705169;D.CAN_F_L..FD_XA.J104.501.1_26_1;XA.J104.501.1;ESPB_R;26;1-53D;N_107_396_01;BLOC_SEAL_120_FLR;ID_CON15;SP_CANLFWV3;1;1-84H;-;-;N_108_564_04;SL705168;2-or/br;1237;OR/BR;0,35;D.CAN_F_L..FD;-;-;-;-;x;x;x;x;705169
3;705170;ID_WIR38;ID_CON14;SP_CANHFWV3;1;1-84H;-;-;E127;SP_CANHFW3;1;1-71D;-;-;N_108_564_04;SL705170;1-ws;1504;WS;0,35;D.CAN_F_H..FD;-;-;-;-;x;x;x;x;705170
3;705171;ID_WIR40;ID_CON15;SP_CANLFWV3;1;1-84H;-;-;E128;SP_CANLFW3;1;1-71D;-;-;N_108_564_04;SL705170;2-or/br;1424;OR/BR;0,35;D.CAN_F_L..FD;-;-;-;-;x;x;x;x;705171
3;705172;D.CAN_F_H..FD_E129_1_1;ID_CON10;SP_CANHFWV4;1;1-49A;-;-;XA.J104.501;ESPB;42;1-72C;N_107_396_01;BLOC_SEAL_120_FLR;N_108_564_04;SL705172;1-ws;696;WS;0,35;D.CAN_F_H..FD;-;-;x;x;-;-;-;-;705172
3;705173;D.CAN_F_L..FD_E130_1_1;ID_CON11;SP_CANLFWV4;1;1-49A;-;-;XA.J104.501;ESPB;26;1-72C;N_107_396_01;BLOC_SEAL_120_FLR;N_108_564_04;SL705172;2-or/br;696;OR/BR;0,35;D.CAN_F_L..FD;-;-;x;x;-;-;-;-;705173
3;705174;D.CAN_F_H..FD_E123_1_1;ID_CON17;SP_CANHFW5;1;1-55G;-;-;TIUL.2B1;2TRKMR;3;1-87G;N_105_981_01;-;N_108_564_04;SL705174;1-ws;1102;WS;0,35;D.CAN_F_H..FD;x;x;x;x;-;-;-;-;705174
3;705175;D.CAN_F_L..FD_E124_1_1;ID_CON16;SP_CANLFW5;1;1-55G;-;-;TIUL.2B1;2TRKMR;4;1-87G;N_105_981_01;-;N_108_564_04;SL705174;2-or/br;1052;OR/BR;0,35;D.CAN_F_L..FD;x;x;x;x;-;-;-;-;705175
3;705178;D.CAN_F_H..FD_E123_1_4;ID_CON17;SP_CANHFW5;1;1-55G;-;-;TLENK1.1A1;1ELE;1;1-42E;N_103_360_03;357_972_740_E;N_108_564_04;SL705178;1-ws;815;WS;0,35;D.CAN_F_H..FD;x;x;x;x;-;-;-;-;705178
3;705179;D.CAN_F_L..FD_E124_1_4;ID_CON16;SP_CANLFW5;1;1-55G;-;-;TLENK1.1A1;1ELE;2;1-42E;N_103_360_03;357_972_740_E;N_108_564_04;SL705178;2-or/br;765;OR/BR;0,35;D.CAN_F_L..FD;x;x;x;x;-;-;-;-;705179
3;705180;ID_WIR34;ID_CON10;SP_CANHFWV4;1;1-49A;-;-;ID_CON17;SP_CANHFW5;1;1-55G;-;-;N_108_564_04;SL705180;1-ws;1812;WS;0,35;D.CAN_F_H..FD;-;-;x;x;-;-;-;-;705180
3;705181;ID_WIR36;ID_CON11;SP_CANLFWV4;1;1-49A;-;-;ID_CON16;SP_CANLFW5;1;1-55G;-;-;N_108_564_04;SL705180;2-or/br;1762;OR/BR;0,35;D.CAN_F_L..FD;-;-;x;x;-;-;-;-;705181
3;705233;ID_WIR60;XD.886.2.1;MB886DR_1X1;1;1-50J;6Q0_971_859_A;-;212;SP_MB671A1;1;1-54E;-;-;N_037_068_8;-;-;1005;BR;6;M.31..MB672-886_D1;-;-;-;-;-;-;x;x;705233
3;705234;ID_WIR62;XD.886.2;MB886D_1X1;1;1-52J;6Q0_971_859_A;-;XA.NX6.501;EBKVA_2;9;1-47H;N_105_120_02;357_972_742_C;N_037_068_8;-;-;560;BR;6;M.31..MB672-886_D1;-;-;x;x;-;-;-;-;705234
3;705236;ID_WIR30;ID_CON13;SP_CANHFWV5;1;1-52H;-;-;ID_CON17;SP_CANHFW5;1;1-55G;-;-;N_108_564_04;SL705236;1-ws;496;WS;0,35;D.CAN_F_H..FD;x;x;x;x;-;-;-;-;705236
3;705237;ID_WIR32;ID_CON12;SP_CANLFWV5;1;1-51H;-;-;ID_CON16;SP_CANLFW5;1;1-55G;-;-;N_108_564_04;SL705236;2-or/br;465;OR/BR;0,35;D.CAN_F_L..FD;x;x;x;x;-;-;-;-;705237
1;LTGS.AIRBAG;;;;;;;;;;;;;;;;;;;;;;;;;;;;;
2;V1;11N_970_712_M;L0L+1X2+4UF;131 (g);;CU: 65 (g);Al: 0 (g);;;;;;;;;;;;;;;;;;;;;;;
2;V2;11N_970_712_N;L0L+1X1+4UF;118 (g);;CU: 65 (g);Al: 0 (g);;;;;;;;;;;;;;;;;;;;;;;
2;V3;11N_970_712_P;L0R+1X2+4UF;131 (g);;CU: 65 (g);Al: 0 (g);;;;;;;;;;;;;;;;;;;;;;;
2;V4;11N_970_712_Q;L0R+1X1+4UF;118 (g);;CU: 65 (g);Al: 0 (g);;;;;;;;;;;;;;;;;;;;;;;
0;Ltg-Nr.;Verbindung;von;Kurzname;Pin;xy;Kontakt;Dichtung;nach;Kurzname;Pin;xy;Kontakt;Dichtung;Leitung;Sonderltg.;Innenleiter;Länge;Farbe;Quer.;Pot.;V1;V2;V3;V4;Ltg-Nr.;;;;
3;712015;S.FAB_SAT_F+..L0L_TIUL.2B1_8_1;TIUL.2B1;2TRKMR;8;1-87G;N_105_982_01;-;XA.G190.1;ESCL;1;1-32A;N_105_975_08;3B0_972_742_C;N_018_886_49;SL712015;2-ws/rt;2127;WS/RT;0,5;S.FAB_SAT_F+..L0L;x;x;-;-;712015;;;;
3;712016;S.FAB_SAT_F-..L0L_TIUL.2B1_9_1;TIUL.2B1;2TRKMR;9;1-87G;N_105_982_01;-;XA.G190.1;ESCL;2;1-32A;N_105_975_08;3B0_972_742_C;N_018_886_49;SL712015;1-br;2127;BR;0,5;S.FAB_SAT_F-..L0L;x;x;-;-;712016;;;;
3;712017;S.FAB_SAT_BF+..L0L_TIUL.2B1_13_1;TIUL.2B1;2TRKMR;13;1-87G;N_105_982_01;-;XA.G284.2;ESCR;1;1-38C;N_105_975_08;3B0_972_742_C;N_018_886_96;SL712017;2-vi;3193;VI;0,5;S.FAB_SAT_BF+..L0L;x;x;-;-;712017;;;;
3;712018;S.FAB_SAT_BF-..L0L_TIUL.2B1_14_1;TIUL.2B1;2TRKMR;14;1-87G;N_105_982_01;-;XA.G284.2;ESCR;2;1-38C;N_105_975_08;3B0_972_742_C;N_018_886_96;SL712017;1-rt;3193;RT;0,5;S.FAB_SAT_BF-..L0L;x;x;-;-;712018;;;;
3;712019;S.FAB_SAT_BF+..L0L_TIUL.2B1_8_2;TIUL.2B1;2TRKMR;8;1-87G;N_105_982_01;-;XA.G284.2;ESCR;1;1-38C;N_105_975_08;3B0_972_742_C;N_018_886_49;SL712019;2-ws/rt;3193;WS/RT;0,5;S.FAB_SAT_BF+..L0L;-;-;x;x;712019;;;;
3;712020;S.FAB_SAT_BF-..L0L_TIUL.2B1_9_2;TIUL.2B1;2TRKMR;9;1-87G;N_105_982_01;-;XA.G284.2;ESCR;2;1-38C;N_105_975_08;3B0_972_742_C;N_018_886_49;SL712019;1-br;3193;BR;0,5;S.FAB_SAT_BF-..L0L;-;-;x;x;712020;;;;
3;712021;S.FAB_SAT_F+..L0L_TIUL.2B1_13_2;TIUL.2B1;2TRKMR;13;1-87G;N_105_982_01;-;XA.G190.1;ESCL;1;1-32A;N_105_975_08;3B0_972_742_C;N_018_886_96;SL712021;2-vi;2127;VI;0,5;S.FAB_SAT_F+..L0L;-;-;x;x;712021;;;;
3;712022;S.FAB_SAT_F-..L0L_TIUL.2B1_14_2;TIUL.2B1;2TRKMR;14;1-87G;N_105_982_01;-;XA.G190.1;ESCL;2;1-32A;N_105_975_08;3B0_972_742_C;N_018_886_96;SL712021;1-rt;2127;RT;0,5;S.FAB_SAT_F-..L0L;-;-;x;x;712022;;;;
3;712023;H.BAG_HV+.._TIUL.2B1_5_1;TIUL.2B1;2TRKMR;5;1-87G;N_105_981_03;-;TFWV.1B1;2FWVW;5;1-42D;N_103_360_03;357_972_740_E;N_901_916_47;SL712023;1-rt;1342;RT;0,35;H.BAG_HV+..;x;x;x;x;712023;;;;
3;712024;H.BAG_HV-.._TIUL.2B1_6_1;TIUL.2B1;2TRKMR;6;1-87G;N_105_981_03;-;TFWV.1B1;2FWVW;6;1-42D;N_103_360_03;357_972_740_E;N_901_916_47;SL712023;2-br;1342;BR;0,35;H.BAG_HV-..;x;x;x;x;712024;;;;
1;LTGS.DWA;;;;;;;;;;;;;;;;;;;;;;;;;;;;;
2;V1;11N_970_714_C;7AL;52 (g);;CU: 32 (g);Al: 0 (g);;;;;;;;;;;;;;;;;;;;;;;
0;Ltg-Nr.;Verbindung;von;Kurzname;Pin;xy;Kontakt;Dichtung;nach;Kurzname;Pin;xy;Kontakt;Dichtung;Leitung;Sonderltg.;Innenleiter;Länge;Farbe;Quer.;Pot.;V1;Ltg-Nr.;;;;;;;
3;714004;M.31..MB673_B1_TIUL.2B1_1_1;TIUL.2B1;2TRKMR;1;1-87G;N_105_981_01;-;B161;SP_MB673B2;1;1-39E;-;-;N_037_098_8;-;-;1466;BR;0,35;M.31..MB673_B1;x;714004;;;;;;;
3;714005;M.31..MB673_B1_B161_1_2;B161;SP_MB673B2;1;1-39E;-;-;XA.H12.1.1;DWO_AS;2;1-59E;N_105_112_03;357_972_740_E;N_037_008_8;-;-;1817;BR;0,5;M.31..MB673_B1;x;714005;;;;;;;
3;714006;V.30A..DWA_Horn_XA.H12.1.1_3_1;XA.H12.1.1;DWO_AS;3;1-59E;N_105_112_03;357_972_740_E;TIUL.2B1;2TRKMR;12;1-87G;N_105_982_01;-;N_037_003_1;-;-;2005;RT/GE;0,5;V.30A..DWA_Horn;x;714006;;;;;;;
3;714007;D.LIN_ICAS_4.._XA.H12.1.1_1_1;XA.H12.1.1;DWO_AS;1;1-59E;N_105_111_03;357_972_740_E;TIUL.2B1;2TRKMR;2;1-87G;N_105_981_01;-;N_037_094_0;-;-;2005;VI/WS;0,35;D.LIN_ICAS_4..;x;714007;;;;;;;
1;LTGS.ASSISTENT;;;;;;;;;;;;;;;;;;;;;;;;;;;;;
2;V1;11N_970_728_F;KA6;205 (g);~;CU: 86 (g);Al: 0 (g);;;;;;;;;;;;;;;;;;;;;;;
2;V2;11N_970_728_G;KA2;157 (g);~;CU: 62 (g);Al: 0 (g);;;;;;;;;;;;;;;;;;;;;;;
0;Ltg-Nr.;Verbindung;von;Kurzname;Pin;xy;Kontakt;Dichtung;nach;Kurzname;Pin;xy;Kontakt;Dichtung;Leitung;Sonderltg.;Innenleiter;Länge;Farbe;Quer.;Pot.;V1;V2;Ltg-Nr.;;;;;;
3;728001;V.30A..EM_F6_XF.SB.3_6A_1;E-BOX;EMBF;6A;1-33H;N_907_325_01;-;TML.1B1;2FEL;4;1-19D;N_103_360_03;357_972_740_E;N_037_099_6;-;-;1030;SW/GN;0,35;V.30A..EM_F6;x;x;728001;;;;;;
3;728002;D.CAN_FAS_H..FD_TIUL.2D1_13_1;TIUL.2D1;4TRKMR;13;1-88H;N_105_981_01;-;TML.1B1;2FEL;3;1-19D;N_103_360_03;357_972_740_E;N_108_564_05;SL728002;1-gr;1792;GR;0,35;D.CAN_FAS_H..FD;x;x;728002;;;;;;
3;728003;D.CAN_FAS_L..FD_TIUL.2D1_14_1;TIUL.2D1;4TRKMR;14;1-88H;N_105_981_01;-;TML.1B1;2FEL;2;1-19D;N_103_360_03;357_972_740_E;N_108_564_05;SL728002;2-or/br;1792;OR/BR;0,35;D.CAN_FAS_L..FD;x;x;728003;;;;;;
3;728004;M.31..MB673_B1_TML.1B1_1_1;TML.1B1;2FEL;1;1-19D;N_103_360_03;357_972_740_E;B161;SP_MB673B2;1;1-39E;-;-;N_037_098_8;-;-;571;BR;0,35;M.31..MB673_B1;x;x;728004;;;;;;
3;728005;D.ETH3+.._TETH.1A1_1_1;TETH.1A1;1ETHV_12;1;1-30F;N_108_535_01;-;TIUL.2D1;4TRKMR;11;1-88H;N_105_981_01;-;N_108_572_01;SL728005;1-gn;1632;GN;0,35;D.ETH3+..;x;x;728005;;;;;;
3;728006;D.ETH3-.._TETH.1A1_2_1;TETH.1A1;1ETHV_12;2;1-30F;N_108_535_01;-;TIUL.2D1;4TRKMR;12;1-88H;N_105_981_01;-;N_108_572_01;SL728005;2-ws;1632;WS;0,35;D.ETH3-..;x;x;728006;;;;;;
3;728007;D.ETH1+..UFK_vo_TETH.1B1_1_1;TETH.1B1;1ETHV_34;1;1-29F;N_108_535_01;-;TIUL.2D1;4TRKMR;1;1-88H;N_105_981_01;-;N_108_572_01;SL728007;1-gn;1632;GN;0,35;D.ETH1+..UFK_vo;x;-;728007;;;;;;
3;728008;D.ETH1-..UFK_vo_TETH.1B1_2_1;TETH.1B1;1ETHV_34;2;1-29F;N_108_535_01;-;TIUL.2D1;4TRKMR;2;1-88H;N_105_981_01;-;N_108_572_01;SL728007;2-ws;1632;WS;0,35;D.ETH1-..UFK_vo;x;-;728008;;;;;;
3;728009;V.30..UFK_vo_TIUL.2D1_15_1;TIUL.2D1;4TRKMR;15;1-88H;N_103_188_01;-;TML.1B1;2FEL;5;1-19D;N_103_360_03;357_972_740_E;N_037_093_1;-;-;1792;RT/GE;0,35;V.30..UFK_vo;x;-;728009;;;;;;
3;728010;M.GND..UFK_vo_TIUL.2D1_17_1;TIUL.2D1;4TRKMR;17;1-88H;N_103_188_01;-;TML.1B1;2FEL;6;1-19D;N_103_360_03;357_972_740_E;N_037_098_0;-;-;1792;BR/WS;0,35;M.GND..UFK_vo;x;-;728010;;;;;;
3;728027;V.30A..EM_F12_XF.SB.3_12A_1;E-BOX;EMBF;12A;1-33H;N_907_326_01;-;XA.R257.1.1;SPKR_1;1;1-36A;N_104_427_01;357_972_741;N_037_009_5;-;-;3095;SW/BL;0,5;V.30A..EM_F12;x;x;728027;;;;;;
3;728028;M.31..MB792_A1_XA.R257.1.1_2_1;XA.R257.1.1;SPKR_1;2;1-36A;N_104_427_01;357_972_741;83;SP_MB792A2;1;1-53B;-;-;N_037_008_8;-;-;1020;BR;0,5;M.31..MB792_A1;x;x;728028;;;;;;
3;728029;D.CAN_AFS_L.._B109_1_1;B109;SP_CANLAFS;1;1-74B;-;-;XA.R257.1.1;SPKR_1;3;1-36A;N_104_426_01;357_972_741;N_901_916_04;SL728029;2-or/br;1345;OR/BR;0,35;D.CAN_AFS_L..;x;x;728029;;;;;;
3;728030;D.CAN_AFS_H.._B108_1_1;B108;SP_CANHAFS;1;1-73B;-;-;XA.R257.1.1;SPKR_1;4;1-36A;N_104_426_01;357_972_741;N_901_916_04;SL728029;1-or/gn;1295;OR/GN;0,35;D.CAN_AFS_H..;x;x;728030;;;;;;
1;LTGS.VERRIEGELUNG_KESSY;;;;;;;;;;;;;;;;;;;;;;;;;;;;;
2;V1;11N_970_733_C;4K5/4K6;276 (g);;CU: 190 (g);Al: 0 (g);;;;;;;;;;;;;;;;;;;;;;;
0;Ltg-Nr.;Verbindung;von;Kurzname;Pin;xy;Kontakt;Dichtung;nach;Kurzname;Pin;xy;Kontakt;Dichtung;Leitung;Sonderltg.;Innenleiter;Länge;Farbe;Quer.;Pot.;V1;Ltg-Nr.;;;;;;;
3;733001;ID_WIR6;TIUL.2B1;2TRKMR;15;1-87G;N_103_189_01;-;B539;SP_30A_F18;1;1-71E;-;-;N_037_003_9;-;-;1467;RT/SW;0,5;V.30A..LVI_F18;x;733001;;;;;;;
3;733007;ID_WIR2;XA.J1193.1;RSADL_AS;3;1-65F;N_105_975_02;3B0_972_742_C;B539;SP_30A_F18;1;1-71E;-;-;N_037_003_9;-;-;2470;RT/SW;0,5;V.30A..LVI_F18;x;733007;;;;;;;
3;733008;ID_WIR8;XA.J1193.1;RSADL_AS;4;1-65F;N_105_975_02;3B0_972_742_C;B161;SP_MB673B2;1;1-39E;-;-;N_037_008_8;-;-;2389;BR;0,5;M.31..MB673_B1;x;733008;;;;;;;
3;733011;ID_WIR4;XA.J1192.1;RSADR_AS;3;1-69C;N_105_975_02;3B0_972_742_C;B539;SP_30A_F18;1;1-71E;-;-;N_037_003_9;-;-;3107;RT/SW;0,5;V.30A..LVI_F18;x;733011;;;;;;;
3;733012;ID_WIR10;XA.J1192.1;RSADR_AS;4;1-69C;N_105_975_02;3B0_972_742_C;83;SP_MB792A2;1;1-53B;-;-;N_037_008_8;-;-;3813;BR;0,5;M.31..MB792_A1;x;733012;;;;;;;
3;733013;ID_WIR12;XA.J1192.1;RSADR_AS;5;1-69C;N_105_975_02;3B0_972_742_C;83;SP_MB792A2;1;1-53B;-;-;N_037_008_8;-;-;3813;BR;0,5;M.31..MB792_A1;x;733013;;;;;;;
3;733018;A.LF-Antenne_3+.._XA.R200.1.1_1_1;XA.R200.1.1;ATILI_AS;1;1-61F;N_907_649_02;3B0_972_742_C;TIUL.2A1;1TRKMR;6;1-88H;N_105_982_01;-;N_018_886_72;SL733018;2-sw;2013;SW;0,5;A.LF-Antenne_3+..;x;733018;;;;;;;
3;733019;A.LF-Antenne_3-.._XA.R200.1.1_2_1;XA.R200.1.1;ATILI_AS;2;1-61F;N_907_649_02;3B0_972_742_C;TIUL.2A1;1TRKMR;7;1-88H;N_105_982_01;-;N_018_886_72;SL733018;1-gn;2013;GN;0,5;A.LF-Antenne_3-..;x;733019;;;;;;;
3;733033;A.LF-Antenne_4+.._XA.R201.1.1_1_1;XA.R201.1.1;ATIRE_AS;1;1-66B;N_907_649_02;3B0_972_742_C;TIUL.2A1;1TRKMR;13;1-88H;N_105_982_01;-;N_018_886_80;SL733020;2-sw;2652;SW;0,5;A.LF-Antenne_4+..;x;733033;;;;;;;
3;733034;A.LF-Antenne_4-.._XA.R201.1.1_2_1;XA.R201.1.1;ATIRE_AS;2;1-66B;N_907_649_02;3B0_972_742_C;TIUL.2A1;1TRKMR;14;1-88H;N_105_982_01;-;N_018_886_80;SL733020;1-br;2652;BR;0,5;A.LF-Antenne_4-..;x;733034;;;;;;;
3;733035;ID_WIR22;TIUR.2B1;8TRKMR;12;1-87B;N_105_974_01;-;A246;SP_CANCH1;1;1-71C;-;-;N_108_151_29;SL733035;1-ge;1250;GE;0,35;D.CAN_Connect_H..;x;733035;;;;;;;
3;733036;ID_WIR24;TIUR.2B1;8TRKMR;13;1-87B;N_105_974_01;-;A247;SP_CANCL1;1;1-71D;-;-;N_108_151_29;SL733035;2-or/br;1308;OR/BR;0,35;D.CAN_Connect_L..;x;733036;;;;;;;
3;733037;ID_WIR14;XA.J1193.1;RSADL_AS;1;1-65F;N_105_974_02;3B0_972_742_B;A246;SP_CANCH1;1;1-71C;-;-;N_108_151_29;SL733037;1-ge;2765;GE;0,35;D.CAN_Connect_H..;x;733037;;;;;;;
3;733038;ID_WIR16;XA.J1193.1;RSADL_AS;2;1-65F;N_105_974_02;3B0_972_742_B;A247;SP_CANCL1;1;1-71D;-;-;N_108_151_29;SL733037;2-or/br;2707;OR/BR;0,35;D.CAN_Connect_L..;x;733038;;;;;;;
3;733039;ID_WIR18;XA.J1192.1;RSADR_AS;1;1-69C;N_105_974_02;3B0_972_742_B;A246;SP_CANCH1;1;1-71C;-;-;N_108_151_29;SL733039;1-ge;3402;GE;0,35;D.CAN_Connect_H..;x;733039;;;;;;;
3;733040;ID_WIR20;XA.J1192.1;RSADR_AS;2;1-69C;N_105_974_02;3B0_972_742_B;A247;SP_CANCL1;1;1-71D;-;-;N_108_151_29;SL733039;2-or/br;3344;OR/BR;0,35;D.CAN_Connect_L..;x;733040;;;;;;;
1;LTGS.KUEHLERLUEFT.;;;;;;;;;;;;;;;;;;;;;;;;;;;;;
2;V1;11N_970_739_C;L0L/L0R;176 (g);;CU: 130 (g);Al: 0 (g);;;;;;;;;;;;;;;;;;;;;;;
0;Ltg-Nr.;Verbindung;von;Kurzname;Pin;xy;Kontakt;Dichtung;nach;Kurzname;Pin;xy;Kontakt;Dichtung;Leitung;Sonderltg.;Innenleiter;Länge;Farbe;Quer.;Pot.;V1;Ltg-Nr.;;;;;;;
3;739001;V.87A_HR..EM_F24_XF.SB.3_24A_1;E-BOX;EMBF;24A;1-33H;N_907_326_01;-;XA.VX57.1;ELU;2;1-40D;N_105_117_02;357_972_742;N_037_019_3;-;-;830;SW/RT;0,75;V.87A_HR..EM_F24;x;739001;;;;;;;
3;739002;V.30A..EM_F16_XF.SB.3_16A_1;E-BOX;EMBF;16A;1-33H;N_105_120_04;-;XA.VX57.1;ELU;1;1-40D;N_106_867_01;1K0_972_744_B;N_037_063_1;-;-;830;RT/GE;6;V.30A..EM_F16;x;739002;;;;;;;
3;739003;M.31..MB764_B1_XB.764.2_1_1;XB.764.2;MB764B;1;1-57G;6Q0_971_859_A;-;XA.VX57.1;ELU;4;1-40D;N_106_867_01;1K0_972_744_B;N_037_068_8;-;-;990;BR;6;M.31..MB764_B1;x;739003;;;;;;;
3;739004;S.LUES1.._TIUR.2B1_7_1;TIUR.2B1;8TRKMR;7;1-87B;N_105_974_01;-;XA.VX57.1;ELU;3;1-40D;N_105_116_02;357_972_742;N_037_091_4;-;-;2876;GE/VI;0,35;S.LUES1..;x;739004;;;;;;;
1;LTGS.KUEHLERJALOUSIE;;;;;;;;;;;;;;;;;;;;;;;;;;;;;
2;V1;11N_970_740_C;L0L/L0R;31 (g);;CU: 22 (g);Al: 0 (g);;;;;;;;;;;;;;;;;;;;;;;
0;Ltg-Nr.;Verbindung;von;Kurzname;Pin;xy;Kontakt;Dichtung;nach;Kurzname;Pin;xy;Kontakt;Dichtung;Leitung;Sonderltg.;Innenleiter;Länge;Farbe;Quer.;Pot.;V1;Ltg-Nr.;;;;;;;
3;740001;M.31..MB673_B1_179_1_2;179;SP_MB673B1;1;1-41F;-;-;XA.V544.1;KUJA;1;1-39D;N_107_766_02;3B0_972_742_C;N_037_028_8;-;-;545;BR;1;M.31..MB673_B1;x;740001;;;;;;;
3;740002;D.LIN1_MOT._044C._TIUR.2B1_5_1;TIUR.2B1;8TRKMR;5;1-87B;N_105_974_01;-;XA.V544.1;KUJA;2;1-39D;N_105_974_02;3B0_972_742_B;N_037_094_6;-;-;2946;VI/GN;0,35;D.LIN1_MOT._044C.;x;740002;;;;;;;
3;740003;V.87A_HR..EM_F26_XA.V544.1_4_1;XA.V544.1;KUJA;4;1-39D;N_107_766_02;3B0_972_742_C;D183;SP_87HRF26;1;1-41H;-;-;N_037_023_6;-;-;585;RT/GN;1;V.87A_HR..EM_F26;x;740003;;;;;;;
1;LTGS.SCHEINWERFER;;;;;;;;;;;;;;;;;;;;;;;;;;;;;
2;V1;11N_970_743_AF;L0L+F0A+4P0;648 (g);~;CU: 328 (g);Al: 0 (g);;;;;;;;;;;;;;;;;;;;;;;
2;V2;11N_970_743_AG;L0L+F0Q+4P0;659 (g);~;CU: 337 (g);Al: 0 (g);;;;;;;;;;;;;;;;;;;;;;;
2;V3;11N_970_743_AH;L0R+F0A+4P0;687 (g);~;CU: 363 (g);Al: 0 (g);;;;;;;;;;;;;;;;;;;;;;;
2;V4;11N_970_743_AJ;L0R+F0Q+4P0;698 (g);~;CU: 373 (g);Al: 0 (g);;;;;;;;;;;;;;;;;;;;;;;
2;V5;11N_970_743_AK;L0L+F0A+4P1;0 (g);~;CU: 328 (g);Al: 0 (g);;;;;;;;;;;;;;;;;;;;;;;
2;V6;11N_970_743_AL;L0L+F0Q+4P1;0 (g);~;CU: 337 (g);Al: 0 (g);;;;;;;;;;;;;;;;;;;;;;;
2;V7;11N_970_743_AM;L0R+F0A+4P1;0 (g);~;CU: 363 (g);Al: 0 (g);;;;;;;;;;;;;;;;;;;;;;;
2;V8;11N_970_743_AN;L0R+F0Q+4P1;0 (g);~;CU: 373 (g);Al: 0 (g);;;;;;;;;;;;;;;;;;;;;;;
0;Ltg-Nr.;Verbindung;von;Kurzname;Pin;xy;Kontakt;Dichtung;nach;Kurzname;Pin;xy;Kontakt;Dichtung;Leitung;Sonderltg.;Innenleiter;Länge;Farbe;Quer.;Pot.;V1;V2;V3;V4;V5;V6;V7;V8;Ltg-Nr.
3;743001;M.31..MB673_A1_XA.673.2_1_1;XA.673.2;MB673A;1;1-47G;6Q0_971_859;-;82;SP_MB673A1;1;1-40H;-;-;N_037_058_8;-;-;545;BR;4;M.31..MB673_A1;x;x;x;x;x;x;x;x;743001
3;743003;M.31..MB792_A1_XA.792.2_1_1;XA.792.2;MB792A;1;1-58B;6Q0_971_859;-;176;SP_MB792A1;1;1-52B;-;-;N_037_058_8;-;-;344;BR;4;M.31..MB792_A1;x;x;x;x;x;x;x;x;743003
3;743008;M.31-SM_BCM.._XB.J519.1_19_1;XB.J519.1;SAMB;19;1-82F;N_907_649_01;-;104;SP_31SMM;1;1-42G;-;-;N_037_008_8;-;-;1122;BR;0,5;M.31-SM_BCM..;x;x;x;x;x;x;x;x;743008
3;743009;M.31..MB792_A1_83_1_6;83;SP_MB792A2;1;1-53B;-;-;176;SP_MB792A1;1;1-52B;-;-;N_037_038_8;-;-;229;BR;1,5;M.31..MB792_A1;x;x;x;x;x;x;x;x;743009
3;743010;D.LIN_BUS..1_SAM_B30_C15_1_1;C15;SP_LIN_DIAG;1;1-55F;-;-;XB.J519.1;SAMB;30;1-82F;N_907_647_01;-;N_037_094_0;-;-;1052;VI/WS;0,35;D.LIN_BUS..1_SAM_B30;-;x;-;x;-;x;-;x;743010
3;743011;D.LIN_BUS..1_SAM_B30_C15_1_2;C15;SP_LIN_DIAG;1;1-55F;-;-;TIUR.2B1;8TRKMR;14;1-87B;N_105_974_01;-;N_037_094_0;-;-;2521;VI/WS;0,35;D.LIN_BUS..1_SAM_B30;-;x;-;x;-;x;-;x;743011
3;743040;V.30A..EM_F4_XA.MX1.3.1_6_1;XA.MX1.3.1;LEDL_S;6;1-40F;N_105_115_03;357_972_741_B;E-BOX;EMBF;4A;1-33H;N_907_327_01;-;N_037_049_4;-;-;690;SW/VI;2,5;V.30A..EM_F4;-;-;-;-;x;x;x;x;743040
3;743041;V.30A..EM_F5_XA.MX2.3.1_6_1;XA.MX2.3.1;LEDR_S;6;1-43D;N_105_115_03;357_972_741_B;E-BOX;EMBF;5A;1-33H;N_907_327_01;-;N_037_049_7;-;-;2800;SW/GR;2,5;V.30A..EM_F5;-;-;-;-;x;x;x;x;743041
3;743042;M.31..MB792_A1_XA.MX2.3.1_5_1;XA.MX2.3.1;LEDR_S;5;1-43D;N_105_115_03;357_972_741_B;176;SP_MB792A1;1;1-52B;-;-;N_037_048_8;-;-;695;br;2,5;M.31..MB792_A1;-;-;-;-;x;x;x;x;743042
3;743043;M.31..MB673_B1_XA.MX1.3.1_5_1;XA.MX1.3.1;LEDL_S;5;1-40F;N_105_115_03;357_972_741_B;179;SP_MB673B1;1;1-41F;-;-;N_037_048_8;-;-;695;br;2,5;M.31..MB673_B1;-;-;-;-;x;x;x;x;743043
3;743044;V.30A..EM_F10_XA.V.4_1_1;XA.V.4;FWM1_AS;4;1-58G;N_105_115_03;357_972_741_B;E-BOX;EMBF;10A;1-33H;N_907_327_01;-;N_037_043_0;-;-;1695;RT/WS;2,5;V.30A..EM_F10;x;x;-;-;x;x;-;-;743044
3;743045;M.31..MB673_A1_82_1_1;82;SP_MB673A1;1;1-40H;-;-;XA.V.4;FWM1_AS;3;1-58G;N_105_115_03;357_972_741_B;N_037_048_8;-;-;1480;br;2,5;M.31..MB673_A1;x;x;-;-;x;x;-;-;743045
3;743047;D.LIN_BUS..1_SAM_B30_C15_1_3;C15;SP_LIN_DIAG;1;1-55F;-;-;XA.V.4;FWM1_AS;1;1-58G;N_105_113_03;357_972_741;N_037_094_0;-;-;590;VI/WS;0,35;D.LIN_BUS..1_SAM_B30;-;x;-;-;-;x;-;-;743047
3;743048;D.LIN_BUS..1_SAM_B30_C15_1_4;C15;SP_LIN_DIAG;1;1-55F;-;-;XA.V.3;FWM2_AS;4;1-63E;N_105_113_03;357_972_741;N_037_094_0;-;-;1225;VI/WS;0,35;D.LIN_BUS..1_SAM_B30;-;-;-;x;-;-;-;x;743048
3;743049;M.31..MB673_A1_82_1_2;82;SP_MB673A1;1;1-40H;-;-;XA.V.3;FWM2_AS;2;1-63E;N_105_115_03;357_972_741_B;N_037_048_8;-;-;2115;br;2,5;M.31..MB673_A1;-;-;x;x;-;-;x;x;743049
3;743050;V.30A..EM_F10_XA.V.3_4_1;XA.V.3;FWM2_AS;1;1-63E;N_105_115_03;357_972_741_B;E-BOX;EMBF;10A;1-33H;N_907_327_01;-;N_037_043_0;-;-;2330;RT/WS;2,5;V.30A..EM_F10;-;-;x;x;-;-;x;x;743050
3;743051;M.31-SM_BCM.._XA.G17.1_1_1;XA.G17.1;ASE_AS;1;1-23A;N_105_111_03;357_972_740_E;104;SP_31SMM;1;1-42G;-;-;N_037_098_8;-;-;1180;BR;0,35;M.31-SM_BCM..;x;x;x;x;x;x;x;x;743051
3;743052;S.ATS.._XA.G17.1_2_1;XA.G17.1;ASE_AS;2;1-23A;N_105_111_03;357_972_740_E;XB.J519.1;SAMB;27;1-82F;N_907_647_01;-;N_037_098_1;-;-;2102;BR/GE;0,35;S.ATS..;x;x;x;x;x;x;x;x;743052
3;743053;X.MOT_HAUB.._XA.F266.1.1_1_1;XA.F266.1.1;FKS_AS;1;1-35F;N_105_112_03;357_972_740_E;XB.J519.1;SAMB;14;1-82F;N_907_649_01;-;N_037_008_6;-;-;1467;BR/GN;0,5;X.MOT_HAUB..;x;x;x;x;x;x;x;x;743053
3;743054;M.31-SM_BCM.._XA.F266.1.1_2_1;XA.F266.1.1;FKS_AS;2;1-35F;N_105_112_03;357_972_740_E;104;SP_31SMM;1;1-42G;-;-;N_037_008_8;-;-;565;BR;0,5;M.31-SM_BCM..;x;x;x;x;x;x;x;x;743054
3;743058;D.LIN_BUS..1_SAM_B30_XA.V.4_4_1;XA.V.4;FWM1_AS;1;1-58G;N_105_113_03;357_972_741;XB.J519.1;SAMB;30;1-82F;N_907_647_01;-;N_037_094_0;-;-;1442;VI/WS;0,35;D.LIN_BUS..1_SAM_B30;x;-;-;-;x;-;-;-;743058
3;743059;D.LIN_BUS..1_SAM_B30_XA.V.3_1_1;XA.V.3;FWM2_AS;4;1-63E;N_105_113_03;357_972_741;XB.J519.1;SAMB;30;1-82F;N_907_647_01;-;N_037_094_0;-;-;2077;VI/WS;0,35;D.LIN_BUS..1_SAM_B30;-;-;x;-;-;-;x;-;743059
3;743068;S.KMM.._XA.G32.1.1_1_1;XA.G32.1.1;KMM_AS;1;1-53B;N_906_843_02;357_972_741;XB.J519.1;SAMB;16;1-82F;N_907_647_01;-;N_037_094_3;-;-;2017;VI/RT;0,35;S.KMM..;x;x;x;x;x;x;x;x;743068
3;743069;X.WAWAA.._XA.G32.1.1_2_1;XA.G32.1.1;KMM_AS;2;1-53B;N_906_843_02;357_972_741;151;SP_WAWA;1;1-50H;-;-;N_037_098_5;-;-;1784;BR/BL;0,35;X.WAWAA..;x;x;x;x;x;x;x;x;743069
3;743070;ID_WIR44;XA.MX1.3.1;LEDL_L;1;1-37F;N_105_111_03;357_972_740_E;B108;SP_CANHAFS;1;1-73B;-;-;N_108_151_29;SL743070;1-ge;2421;GE;0,35;D.CAN_AFS_H..;x;x;x;x;-;-;-;-;743070
3;743071;ID_WIR46;XA.MX1.3.1;LEDL_L;2;1-37F;N_105_111_03;357_972_740_E;B109;SP_CANLAFS;1;1-74B;-;-;N_108_151_29;SL743070;2-or/br;2471;OR/BR;0,35;D.CAN_AFS_L..;x;x;x;x;-;-;-;-;743071
3;743072;ID_WIR48;XA.MX1.3.1;LEDL_L;5;1-37F;N_105_115_03;357_972_741_B;179;SP_MB673B1;1;1-41F;-;-;N_037_048_8;-;-;695;br;2,5;M.31..MB673_B1;x;x;x;x;-;-;-;-;743072
3;743073;ID_WIR50;XA.MX1.3.1;LEDL_L;6;1-37F;N_105_115_03;357_972_741_B;E-BOX;EMBF;4A;1-33H;N_907_327_01;-;N_037_049_4;-;-;690;SW/VI;2,5;V.30A..EM_F4;x;x;x;x;-;-;-;-;743073
3;743074;ID_WIR52;ID_CON22;LEDR_L;1;1-42C;N_105_111_03;357_972_740_E;B108;SP_CANHAFS;1;1-73B;-;-;N_901_916_04;SL743074;1-or/gn;1000;OR/GN;0,35;D.CAN_AFS_H..;x;x;x;x;-;-;-;-;743074
3;743075;ID_WIR54;ID_CON22;LEDR_L;2;1-42C;N_105_111_03;357_972_740_E;B109;SP_CANLAFS;1;1-74B;-;-;N_901_916_04;SL743074;2-or/br;1050;OR/BR;0,35;D.CAN_AFS_L..;x;x;x;x;-;-;-;-;743075
3;743076;ID_WIR56;ID_CON22;LEDR_L;5;1-42C;N_105_115_03;357_972_741_B;176;SP_MB792A1;1;1-52B;-;-;N_037_048_8;-;-;695;br;2,5;M.31..MB792_A1;x;x;x;x;-;-;-;-;743076
3;743077;ID_WIR58;ID_CON22;LEDR_L;6;1-42C;N_105_115_03;357_972_741_B;E-BOX;EMBF;5A;1-33H;N_907_327_01;-;N_037_049_7;-;-;2800;SW/GR;2,5;V.30A..EM_F5;x;x;x;x;-;-;-;-;743077
3;743098;D.CAN_AFS_H.._B108_1_3;B108;SP_CANHAFS;1;1-73B;-;-;TIUR.2B1;8TRKMR;1;1-87B;N_105_974_01;-;N_108_151_36;SL743098;2-ws;835;WS;0,35;D.CAN_AFS_H..;x;x;x;x;x;x;x;x;743098
3;743099;D.CAN_AFS_L.._B109_1_4;B109;SP_CANLAFS;1;1-74B;-;-;TIUR.2B1;8TRKMR;2;1-87B;N_105_974_01;-;N_108_151_36;SL743098;1-or/sw;785;OR/SW;0,35;D.CAN_AFS_L..;x;x;x;x;x;x;x;x;743099
3;743100;D.CAN_AFS_H.._B108_1_4;B108;SP_CANHAFS;1;1-73B;-;-;XA.MX2.3.1;LEDR_S;1;1-43D;N_105_111_03;357_972_740_E;N_108_151_36;SL743100;2-ws;1000;WS;0,35;D.CAN_AFS_H..;-;-;-;-;x;x;x;x;743100
3;743101;D.CAN_AFS_L.._B109_1_5;B109;SP_CANLAFS;1;1-74B;-;-;XA.MX2.3.1;LEDR_S;2;1-43D;N_105_111_03;357_972_740_E;N_108_151_36;SL743100;1-or/sw;1050;OR/SW;0,35;D.CAN_AFS_L..;-;-;-;-;x;x;x;x;743101
3;743102;D.CAN_AFS_H.._B108_1_5;B108;SP_CANHAFS;1;1-73B;-;-;XA.MX1.3.1;LEDL_S;1;1-40F;N_105_111_03;357_972_740_E;N_108_151_36;SL743102;2-ws;2421;WS;0,35;D.CAN_AFS_H..;-;-;-;-;x;x;x;x;743102
3;743103;D.CAN_AFS_L.._B109_1_6;B109;SP_CANLAFS;1;1-74B;-;-;XA.MX1.3.1;LEDL_S;2;1-40F;N_105_111_03;357_972_740_E;N_108_151_36;SL743102;1-or/sw;2471;OR/SW;0,35;D.CAN_AFS_L..;-;-;-;-;x;x;x;x;743103
1;LTGS.E-ANTRIEB;;;;;;;;;;;;;;;;;;;;;;;;;;;;;
2;V1;11N_970_750_F;1X2;144 (g);~;CU: 107 (g);Al: 0 (g);;;;;;;;;;;;;;;;;;;;;;;
2;V2;11N_970_750_G;1X1;171 (g);~;CU: 126 (g);Al: 0 (g);;;;;;;;;;;;;;;;;;;;;;;
0;Ltg-Nr.;Verbindung;von;Kurzname;Pin;xy;Kontakt;Dichtung;nach;Kurzname;Pin;xy;Kontakt;Dichtung;Leitung;Sonderltg.;Innenleiter;Länge;Farbe;Quer.;Pot.;V1;V2;Ltg-Nr.;;;;;;
3;750001;V.87A_HR..EM_F23_XF.SB.3_23A_1;E-BOX;EMBF;23A;1-33H;N_907_326_01;-;TIUR.2B1;8TRKMR;15;1-87B;N_105_114_01;-;N_037_023_6;-;-;2915;RT/GN;1;V.87A_HR..EM_F23;x;x;750001;;;;;;
3;750002;M.31..MB673_B1_XB.673.2_1_1;XB.673.2;MB673B;1;1-48G;6Q0_971_859_C;-;179;SP_MB673B1;1;1-41F;-;-;N_037_048_8;-;-;440;br;2,5;M.31..MB673_B1;x;x;750002;;;;;;
3;750003;S.ANF_HR.._XF.SB.3_42_1;E-BOX;EMBF;42;1-33H;N_105_117_01;-;TIUR.2B1;8TRKMR;9;1-87B;N_105_975_01;-;N_037_009_7;-;-;2915;SW/GR;0,5;S.ANF_HR..;x;x;750003;;;;;;
3;750004;M.31..MB673_B1_B161_1_5;B161;SP_MB673B2;1;1-39E;-;-;179;SP_MB673B1;1;1-41F;-;-;N_037_028_8;-;-;304;BR;1;M.31..MB673_B1;x;x;750004;;;;;;
3;750006;V.87A_HR..EM_F26_XF.SB.3_26A_1;E-BOX;EMBF;26A;1-33H;N_907_326_01;-;D183;SP_87HRF26;1;1-41H;-;-;N_037_023_6;-;-;515;RT/GN;1;V.87A_HR..EM_F26;x;x;750006;;;;;;
3;750008;V.30A..EM_D1_XF.SB.3_32_1;E-BOX;EMBF;32;1-33H;N_105_120_04;-;XD.SB.3;EMBD;1;1-33G;N_105_120_01;-;N_037_069_3;-;-;300;SW/RT;6;V.30A..EM_D1;x;x;750008;;;;;;
3;750011;D.CAN_A_H..FD_TIUR.2B1_3_1;TIUR.2B1;8TRKMR;3;1-87B;N_105_974_01;-;TFWV.1A1;1FWVW;11;1-43F;N_103_360_03;357_972_740_E;N_108_564_03;SL750011;1-sw;2651;sw;0,35;D.CAN_A_H..FD;-;x;750011;;;;;;
3;750012;D.CAN_A_L..FD_TIUR.2B1_4_1;TIUR.2B1;8TRKMR;4;1-87B;N_105_974_01;-;TFWV.1A1;1FWVW;12;1-43F;N_103_360_03;357_972_740_E;N_108_564_03;SL750011;2-or/br;2651;or/br;0,35;D.CAN_A_L..FD;-;x;750012;;;;;;
3;750013;V.30A..EM_F3_XF.SB.3_3A_1;E-BOX;EMBF;3A;1-33H;N_907_326_01;-;TFWV.1B1;2FWVW;8;1-42D;N_103_361_02;357_972_740_F;N_037_023_6;-;-;535;RT/GN;1;V.30A..EM_F3;x;x;750013;;;;;;
3;750014;V.87A_HR..EM_F26_TFWV.1B1_6_1;TFWV.1B1;2FWVW;11;1-42D;N_103_361_02;357_972_740_F;D183;SP_87HRF26;1;1-41H;-;-;N_037_023_7;-;-;220;RT/GR;1;V.87A_HR..EM_F26;x;x;750014;;;;;;
3;750015;S.WUP_HTK..P3_TIUR.2B1_8_1;TIUR.2B1;8TRKMR;8;1-87B;N_105_974_01;-;TFWV.1B1;2FWVW;13;1-42D;N_103_360_03;357_972_740_E;N_037_094_6;-;-;2581;VI/GN;0,35;S.WUP_HTK..P3;x;x;750015;;;;;;
3;750016;V.87A_HR..EM_F25_XF.SB.3_25A_1;E-BOX;EMBF;25A;1-33H;N_907_326_01;-;TFWV.1B1;2FWVW;9;1-42D;N_103_361_02;357_972_740_F;N_037_023_5;-;-;535;RT/BL;1;V.87A_HR..EM_F25;x;x;750016;;;;;;
1;LTGS.EINPARKHILFE;;;;;;;;;;;;;;;;;;;;;;;;;;;;;
2;V1;11N_970_761_F;7X2;86 (g);;CU: 40 (g);Al: 0 (g);;;;;;;;;;;;;;;;;;;;;;;
2;V2;11N_970_761_G;8A2;102 (g);;CU: 53 (g);Al: 0 (g);;;;;;;;;;;;;;;;;;;;;;;
0;Ltg-Nr.;Verbindung;von;Kurzname;Pin;xy;Kontakt;Dichtung;nach;Kurzname;Pin;xy;Kontakt;Dichtung;Leitung;Sonderltg.;Innenleiter;Länge;Farbe;Quer.;Pot.;V1;V2;Ltg-Nr.;;;;;;
3;761001;S.SIGNAL..PDC_VLS_TIUL.2D1_8_1;TIUL.2D1;4TRKMR;8;1-88H;N_105_981_01;-;TML.1D1;1FEL;1;1-17D;N_103_360_03;357_972_740_E;N_037_099_9;-;-;1817;SW;0,35;S.SIGNAL..PDC_VLS;-;x;761001;;;;;;
3;761002;S.SIGNAL..PDC_VLM_TIUL.2D1_9_1;TIUL.2D1;4TRKMR;9;1-88H;N_105_981_01;-;TML.1D1;1FEL;3;1-17D;N_103_360_03;357_972_740_E;N_037_094_4;-;-;1817;VI;0,35;S.SIGNAL..PDC_VLM;x;x;761002;;;;;;
3;761003;S.SIGNAL..PDC_VR_TIUL.2D1_10_1;TIUL.2D1;4TRKMR;10;1-88H;N_105_981_01;-;TML.1D1;1FEL;5;1-17D;N_103_360_03;357_972_740_E;N_037_091_1;-;-;1817;GE;0,35;S.SIGNAL..PDC_VR;x;x;761003;;;;;;
3;761004;M.GND..PDC_vorn_TIUL.2D1_6_1;TIUL.2D1;4TRKMR;6;1-88H;N_105_981_01;-;TML.1D1;1FEL;7;1-17D;N_103_360_03;357_972_740_E;N_037_098_8;-;-;1817;BR;0,35;M.GND..PDC_vorn;x;x;761004;;;;;;
3;761005;S.SIGNAL..PDC_VL_TIUL.2D1_5_1;TIUL.2D1;4TRKMR;5;1-88H;N_105_981_01;-;TML.1D1;1FEL;2;1-17D;N_103_360_03;357_972_740_E;N_037_097_7;-;-;1817;GR;0,35;S.SIGNAL..PDC_VL;x;x;761005;;;;;;
3;761006;S.SIGNAL..PDC_VRM_TIUL.2D1_4_1;TIUL.2D1;4TRKMR;4;1-88H;N_105_981_01;-;TML.1D1;1FEL;4;1-17D;N_103_360_03;357_972_740_E;N_037_095_5;-;-;1817;BL;0,35;S.SIGNAL..PDC_VRM;x;x;761006;;;;;;
3;761007;S.SIGNAL..PDC_VRS_TIUL.2D1_3_1;TIUL.2D1;4TRKMR;3;1-88H;N_105_981_01;-;TML.1D1;1FEL;6;1-17D;N_103_360_03;357_972_740_E;N_037_090_0;-;-;1817;WS;0,35;S.SIGNAL..PDC_VRS;-;x;761007;;;;;;
3;761008;V.SP..PDC_vorn_TIUL.2D1_7_1;TIUL.2D1;4TRKMR;7;1-88H;N_105_981_01;-;TML.1D1;1FEL;8;1-17D;N_103_360_03;357_972_740_E;N_037_093_3;-;-;1817;RT;0,35;V.SP..PDC_vorn;x;x;761008;;;;;;
1;LTGS.ABS.SENSOR;;;;;;;;;;;;;;;;;;;;;;;;;;;;;
2;V1;11N_970_765_M;L0L+1X2;382 (g);;CU: 242 (g);Al: 0 (g);;;;;;;;;;;;;;;;;;;;;;;
2;V2;11N_970_765_N;L0L+1X1;382 (g);;CU: 242 (g);Al: 0 (g);;;;;;;;;;;;;;;;;;;;;;;
2;V3;11N_970_765_P;L0R+1X2;332 (g);;CU: 194 (g);Al: 0 (g);;;;;;;;;;;;;;;;;;;;;;;
2;V4;11N_970_765_Q;L0R+1X1;332 (g);;CU: 194 (g);Al: 0 (g);;;;;;;;;;;;;;;;;;;;;;;
0;Ltg-Nr.;Verbindung;von;Kurzname;Pin;xy;Kontakt;Dichtung;nach;Kurzname;Pin;xy;Kontakt;Dichtung;Leitung;Sonderltg.;Innenleiter;Länge;Farbe;Quer.;Pot.;V1;V2;V3;V4;Ltg-Nr.;;;;
3;765005;S.RDZvr.._D186_1_1;D186;SP_RSVR1;1;1-81B;-;-;XA.J104.501;ESPB;10;1-72C;N_107_397_01;BLOC_SEAL_120_FLR;N_018_886_72;SL765005;2-sw;669;SW;0,5;S.RDZvr..;x;x;-;-;765005;;;;
3;765006;M.DGND..RDZvr_D187_1_1;D187;SP_RSVR2;1;1-81B;-;-;XA.J104.501;ESPB;11;1-72C;N_107_397_01;BLOC_SEAL_120_FLR;N_018_886_72;SL765005;1-gn;669;GN;0,5;M.DGND..RDZvr;x;x;-;-;765006;;;;
3;765009;S.RDZvl.._D184_1_1;D184;SP_RSVL1;1;1-83H;-;-;XA.J104.501;ESPB;4;1-72C;N_107_397_01;BLOC_SEAL_120_FLR;N_018_886_80;SL765009;2-sw;2003;SW;0,5;S.RDZvl..;x;x;-;-;765009;;;;
3;765010;M.DGND..RDZvl_D185_1_1;D185;SP_RSVL2;1;1-83H;-;-;XA.J104.501;ESPB;5;1-72C;N_107_397_01;BLOC_SEAL_120_FLR;N_018_886_80;SL765009;1-br;2003;BR;0,5;M.DGND..RDZvl;x;x;-;-;765010;;;;
3;765013;S.RDZhl.._XA.J104.501_15_1;XA.J104.501;ESPB;15;1-72C;N_107_397_01;BLOC_SEAL_120_FLR;TFWV.1A1;1FWVW;1;1-43F;N_103_361_02;357_972_740_E;N_018_886_74;SL765013;2-gr/rt;2126;GR/RT;0,5;S.RDZhl..;x;x;-;-;765013;;;;
3;765014;M.DGND..RDZhl_XA.J104.501_16_1;XA.J104.501;ESPB;16;1-72C;N_107_397_01;BLOC_SEAL_120_FLR;TFWV.1A1;1FWVW;2;1-43F;N_103_361_02;357_972_740_E;N_018_886_74;SL765013;1-bl/rt;2126;BL/RT;0,5;M.DGND..RDZhl;x;x;-;-;765014;;;;
3;765015;S.RDZhr.._XA.J104.501_28_1;XA.J104.501;ESPB;28;1-72C;N_107_397_01;BLOC_SEAL_120_FLR;TFWV.1A1;1FWVW;3;1-43F;N_103_361_02;357_972_740_E;N_018_886_73;SL765015;2-gr;2126;GR;0,5;S.RDZhr..;x;x;-;-;765015;;;;
3;765016;M.DGND..RDZhr_XA.J104.501_29_1;XA.J104.501;ESPB;29;1-72C;N_107_397_01;BLOC_SEAL_120_FLR;TFWV.1A1;1FWVW;4;1-43F;N_103_361_02;357_972_740_E;N_018_886_73;SL765015;1-bl;2126;BL;0,5;M.DGND..RDZhr;x;x;-;-;765016;;;;
3;765017;S.RDZvr.._D186_1_2;D186;SP_RSVR1;1;1-81B;-;-;XA.J104.501.1;ESPB_R;10;1-53D;N_107_397_01;BLOC_SEAL_120_FLR;N_018_886_72;SL765017;2-sw;2420;SW;0,5;S.RDZvr..;-;-;x;x;765017;;;;
3;765018;M.DGND..RDZvr_D187_1_2;D187;SP_RSVR2;1;1-81B;-;-;XA.J104.501.1;ESPB_R;11;1-53D;N_107_397_01;BLOC_SEAL_120_FLR;N_018_886_72;SL765017;1-gn;2420;GN;0,5;M.DGND..RDZvr;-;-;x;x;765018;;;;
3;765021;S.RDZvl.._D184_1_2;D184;SP_RSVL1;1;1-83H;-;-;XA.J104.501.1;ESPB_R;4;1-53D;N_107_397_01;BLOC_SEAL_120_FLR;N_018_886_80;SL765021;2-sw;1272;SW;0,5;S.RDZvl..;-;-;x;x;765021;;;;
3;765022;M.DGND..RDZvl_D185_1_2;D185;SP_RSVL2;1;1-83H;-;-;XA.J104.501.1;ESPB_R;5;1-53D;N_107_397_01;BLOC_SEAL_120_FLR;N_018_886_80;SL765021;1-br;1272;BR;0,5;M.DGND..RDZvl;-;-;x;x;765022;;;;
3;765025;S.RDZhl.._XA.J104.501.1_15_1;XA.J104.501.1;ESPB_R;15;1-53D;N_107_397_01;BLOC_SEAL_120_FLR;TFWV.1A1;1FWVW;1;1-43F;N_103_361_02;357_972_740_E;N_018_886_74;SL765025;2-gr/rt;1315;GR/RT;0,5;S.RDZhl..;-;-;x;x;765025;;;;
3;765026;M.DGND..RDZhl_XA.J104.501.1_16_1;XA.J104.501.1;ESPB_R;16;1-53D;N_107_397_01;BLOC_SEAL_120_FLR;TFWV.1A1;1FWVW;2;1-43F;N_103_361_02;357_972_740_E;N_018_886_74;SL765025;1-bl/rt;1315;BL/RT;0,5;M.DGND..RDZhl;-;-;x;x;765026;;;;
3;765027;S.RDZhr.._XA.J104.501.1_28_1;XA.J104.501.1;ESPB_R;28;1-53D;N_107_397_01;BLOC_SEAL_120_FLR;TFWV.1A1;1FWVW;3;1-43F;N_103_361_02;357_972_740_E;N_018_886_73;SL765027;2-gr;1315;GR;0,5;S.RDZhr..;-;-;x;x;765027;;;;
3;765028;M.DGND..RDZhr_XA.J104.501.1_29_1;XA.J104.501.1;ESPB_R;29;1-53D;N_107_397_01;BLOC_SEAL_120_FLR;TFWV.1A1;1FWVW;4;1-43F;N_103_361_02;357_972_740_E;N_018_886_73;SL765027;1-bl;1315;BL;0,5;M.DGND..RDZhr;-;-;x;x;765028;;;;
3;765077;S.BVA.._XB.J519.1_12_1;XB.J519.1;SAMB;12;1-82F;N_907_649_01;-;152;SP_BVAV1;1;1-84B;-;-;N_037_005_5;-;-;2377;BL;0,5;S.BVA..;x;x;x;x;765077;;;;
3;765078;M.31..MB792_A1_228_1_4;228;SP_BVAV2;1;1-84B;-;-;83;SP_MB792A2;1;1-53B;-;-;N_037_008_8;-;-;904;BR;0,5;M.31..MB792_A1;x;x;x;x;765078;;;;
3;765147;S.RDZvl.._D184_1_6;D184;SP_RSVL1;1;1-83H;-;-;XA.G47.501.2;DZF_VL2H;1;1-76G;-;-;ZSB_KT_27;SL765147;2-sw;1553;SW;0,5;S.RDZvl..;x;-;x;-;765147;;;;
3;765148;S.RDZvl.._XA.G47.501.1_1_1;XA.G47.501.1;DZF_VL2A;1;1-76G;-;-;D184;SP_RSVL1;1;1-83H;-;-;ZSB_KT_28;SL765148;2-sw;1553;SW;0,5;S.RDZvl..;-;x;-;x;765148;;;;
3;765149;M.DGND..RDZvl_D185_1_5;D185;SP_RSVL2;1;1-83H;-;-;XA.G47.501.2;DZF_VL2H;2;1-76G;-;-;ZSB_KT_27;SL765147;1-br;1553;BR;0,5;M.DGND..RDZvl;x;-;x;-;765149;;;;
3;765150;M.DGND..RDZvl_D185_1_6;D185;SP_RSVL2;1;1-83H;-;-;XA.G47.501.1;DZF_VL2A;2;1-76G;-;-;ZSB_KT_28;SL765148;1-br;1553;BR;0,5;M.DGND..RDZvl;-;x;-;x;765150;;;;
3;765151;S.RDZvr.._XA.G45.501.2_1_1;XA.G45.501.2;DZF_VR2H;1;1-76E;-;-;D186;SP_RSVR1;1;1-81B;-;-;ZSB_KT_31;SL765151;2-sw;1218;SW;0,5;S.RDZvr..;x;-;x;-;765151;;;;
3;765152;S.RDZvr.._D186_1_4;D186;SP_RSVR1;1;1-81B;-;-;XA.G45.501;DZF_VR2A;1;1-76E;-;-;ZSB_KT_32;SL765152;2-sw;1218;SW;0,5;S.RDZvr..;-;x;-;x;765152;;;;
3;765153;M.DGND..RDZvr_D187_1_4;D187;SP_RSVR2;1;1-81B;-;-;XA.G45.501.2;DZF_VR2H;2;1-76E;-;-;ZSB_KT_31;SL765151;1-gn;1218;GN;0,5;M.DGND..RDZvr;x;-;x;-;765153;;;;
3;765154;M.DGND..RDZvr_XA.G45.501_2_1;XA.G45.501;DZF_VR2A;2;1-76E;-;-;D187;SP_RSVR2;1;1-81B;-;-;ZSB_KT_32;SL765152;1-gn;1218;GN;0,5;M.DGND..RDZvr;-;x;-;x;765154;;;;
3;765155;S.BVA.._XA.G35.1.2_1_1;XA.G35.1.2;BVA1_2H;1;1-75D;-;-;152;SP_BVAV1;1;1-84B;-;-;ZSB_KT_31;SL765151;3-bl;1393;BL;0,5;S.BVA..;x;-;x;-;765155;;;;
3;765156;S.BVA.._152_1_3;152;SP_BVAV1;1;1-84B;-;-;XA.G35.1.1;BVA1_2A;1;1-75E;-;-;ZSB_KT_32;SL765152;3-bl;1393;BL;0,5;S.BVA..;-;x;-;x;765156;;;;
3;765157;M.31..MB792_A1_XA.G35.1.2_2_1;XA.G35.1.2;BVA1_2H;2;1-75D;-;-;228;SP_BVAV2;1;1-84B;-;-;ZSB_KT_31;SL765151;4-ge;1393;GE;0,5;M.31..MB792_A1;x;-;x;-;765157;;;;
3;765158;M.31..MB792_A1_XA.G35.1.1_2_1;XA.G35.1.1;BVA1_2A;2;1-75E;-;-;228;SP_BVAV2;1;1-84B;-;-;ZSB_KT_32;SL765152;4-ge;1393;GE;0,5;M.31..MB792_A1;-;x;-;x;765158;;;;
3;765207;S.SIGNAL..J104_A3_XA.J104.501_3_1;XA.J104.501;ESPB;3;1-72C;N_105_115_03;357_972_741_B;TFWV.1A1;1FWVW;6;1-43F;N_103_190_02;357_972_741_B;N_037_040_0;-;-;2126;WS;2,5;S.SIGNAL..J104_A3;x;x;-;-;765207;;;;
3;765208;S.SIGNAL..J104_A2_TFWV.1A1_5_1;TFWV.1A1;1FWVW;5;1-43F;N_103_190_02;357_972_741_B;XA.J104.501;ESPB;2;1-72C;N_105_115_03;357_972_741_B;N_037_041_1;-;-;2126;GE;2,5;S.SIGNAL..J104_A2;x;x;-;-;765208;;;;
3;765209;S.SIGNAL..J104_A3_XA.J104.501.1_3_1;XA.J104.501.1;ESPB_R;3;1-53D;N_105_115_03;357_972_741_B;TFWV.1A1;1FWVW;6;1-43F;N_103_190_02;357_972_741_B;N_037_040_0;-;-;1315;WS;2,5;S.SIGNAL..J104_A3;-;-;x;x;765209;;;;
3;765210;S.SIGNAL..J104_A2_XA.J104.501.1_2_1;XA.J104.501.1;ESPB_R;2;1-53D;N_105_115_03;357_972_741_B;TFWV.1A1;1FWVW;5;1-43F;N_103_190_02;357_972_741_B;N_037_041_1;-;-;1315;GE;2,5;S.SIGNAL..J104_A2;-;-;x;x;765210;;;;
1;LTGS.SBBR-LEUCHTE;;;;;;;;;;;;;;;;;;;;;;;;;;;;;
2;V1;11N_970_782_C;L0L/L0R;7 (g);;CU: 3 (g);Al: 0 (g);;;;;;;;;;;;;;;;;;;;;;;
0;Ltg-Nr.;Verbindung;von;Kurzname;Pin;xy;Kontakt;Dichtung;nach;Kurzname;Pin;xy;Kontakt;Dichtung;Leitung;Sonderltg.;Innenleiter;Länge;Farbe;Quer.;Pot.;V1;Ltg-Nr.;;;;;;;
3;782002;S.58H2L..SAM_B3_XB.J519.1_3_1;XB.J519.1;SAMB;3;1-82F;N_105_112_01;-;TIUL.2A1;1TRKMR;3;1-88H;N_105_982_01;-;N_037_000_0;-;-;555;WS;0,5;S.58H2L..SAM_B3;x;782002;;;;;;;
1;LTGS.SRA;;;;;;;;;;;;;;;;;;;;;;;;;;;;;
2;V1;11N_970_785_C;KA2/KA6;114 (g);~;CU: 46 (g);Al: 0 (g);;;;;;;;;;;;;;;;;;;;;;;
0;Ltg-Nr.;Verbindung;von;Kurzname;Pin;xy;Kontakt;Dichtung;nach;Kurzname;Pin;xy;Kontakt;Dichtung;Leitung;Sonderltg.;Innenleiter;Länge;Farbe;Quer.;Pot.;V1;Ltg-Nr.;;;;;;;
3;785001;S.WWP_H.._XA.V59.11.1_2_1;XA.V59.11.1;WW1A;2;1-18F;N_105_114_03;357_972_741;XB.J519.1;SAMB;8;1-82F;N_105_112_01;-;N_037_026_0;-;-;1697;GN/WS;1;S.WWP_H..;x;785001;;;;;;;
3;785002;S.WWP_V.._XA.V59.11.1_1_1;XA.V59.11.1;WW1A;1;1-18F;N_105_114_03;357_972_741;XB.J519.1;SAMB;7;1-82F;N_105_112_01;-;N_037_026_3;-;-;1697;GN/RT;1;S.WWP_V..;x;785002;;;;;;;
3;785003;X.WAWAA.._XA.G120.11_1_1;XA.G120.11;WMG;1;1-18D;N_906_843_02;357_972_741;151;SP_WAWA;1;1-50H;-;-;N_037_098_5;-;-;1146;BR/BL;0,35;X.WAWAA..;x;785003;;;;;;;
3;785004;X.WAWAE.._XA.G120.11_2_1;XA.G120.11;WMG;2;1-18D;N_906_843_02;357_972_741;XB.J519.1;SAMB;28;1-82F;N_907_647_01;-;N_037_094_0;-;-;1827;VI/WS;0,35;X.WAWAE..;x;785004;;;;;;;
3;785107;O.WWL_H.._XX.V59.11.1_1_1;XX.V59.11.1;WW1X2;1;1-17E;-;-;TWK.1B1;HW1X_MR;1;1-86F;-;-;ZSB_KT_6;-;-;1897;SW;6;O.WWL_H..;x;785107;;;;;;;
3;785108;O.WWL_V..P1_XW.V59.11.2_1_1;XW.V59.11.2;WW1W2;1;1-23F;-;-;SP_H2O_SD;SP_H2O_SD;1;1-66G;-;-;ZSB_KT_12;-;-;2965;SW;6;O.WWL_V..P1;x;785108;;;;;;;
3;785109;O.WWL_V..P1_D102_1_6;SP_H2O_SD;SP_H2O_SD;1;1-66G;-;-;XW.Z20.11.1;SDW1;1;1-70G;-;-;ZSB_KT_12;-;-;750;SW;6;O.WWL_V..P1;x;785109;;;;;;;
3;785110;ID_WIR64;XW.Z21.11.1;SWD2;1;1-66F;-;-;SP_H2O_SD;SP_H2O_SD;1;1-66G;-;-;ZSB_KT_12;-;-;75;SW;6;O.WWL_V..P1;x;785110;;;;;;;
1;LTGS.HEIZ-KLIMAGER;;;;;;;;;;;;;;;;;;;;;;;;;;;;;
2;V1;11N_970_786_F;9M0;471 (g);;CU: 318 (g);Al: 0 (g);;;;;;;;;;;;;;;;;;;;;;;
2;V2;11N_970_786_G;9M3;455 (g);;CU: 319 (g);Al: 0 (g);;;;;;;;;;;;;;;;;;;;;;;
0;Ltg-Nr.;Verbindung;von;Kurzname;Pin;xy;Kontakt;Dichtung;nach;Kurzname;Pin;xy;Kontakt;Dichtung;Leitung;Sonderltg.;Innenleiter;Länge;Farbe;Quer.;Pot.;V1;V2;Ltg-Nr.;;;;;;
3;786010;S.ANF_KLMR.._XF.SB.3_91_1;E-BOX;EMBF;91;1-33H;N_105_117_01;-;TIUL.2C1;3TRKMR;13;1-87G;N_105_982_01;-;N_037_006_9;-;-;1687;GN/SW;0,5;S.ANF_KLMR..;x;x;786010;;;;;;
3;786027;M.31..MB764_A1_TGEB.1A1_1_1;TGEB.1A1;1GEB;1;1-55C;N_906_966_02;357_972_742_E;XA.764.2;MB764A;1;1-56H;6Q0_971_859;-;N_037_058_8;-;-;944;BR;4;M.31..MB764_A1;x;x;786027;;;;;;
3;786028;V.30A..LVI_F36_TGEB.1A1_2_1;TGEB.1A1;1GEB;2;1-55C;N_906_966_02;357_972_742_E;TIUL.2C1;3TRKMR;16;1-87G;N_103_193_01;-;N_037_053_1;-;-;1742;RT/GE;4;V.30A..LVI_F36;x;x;786028;;;;;;
3;786049;D.AC_LIN2.._TIUR.2A1_12_1;TIUR.2A1;7TRKMR;12;1-86B;N_105_974_01;-;B842;SP_LIN2MR;1;1-53A;-;-;N_037_094_0;-;-;1110;VI/WS;0,35;D.AC_LIN2..;x;x;786049;;;;;;
3;786083;M.31..MB673_B1_XF.SB.3_92_1;E-BOX;EMBF;92;1-33H;N_105_117_01;-;B161;SP_MB673B2;1;1-39E;-;-;N_037_008_8;-;-;659;BR;0,5;M.31..MB673_B1;x;x;786083;;;;;;
3;786086;D.AC_LIN2.._THUKV.1A1_1_1;THUKV.1A1;1KV;1;1-47A;N_105_111_03;357_972_740_E;B842;SP_LIN2MR;1;1-53A;-;-;N_037_094_0;-;-;385;VI/WS;0,35;D.AC_LIN2..;-;x;786086;;;;;;
3;786089;M.31..MB687_C1_THUKV.1A1_4_1;THUKV.1A1;1KV;4;1-47A;N_105_112_03;357_972_740_E;372;SP_MB687C1;1;1-49A;-;-;N_037_008_8;-;-;349;BR;0,5;M.31..MB687_C1;-;x;786089;;;;;;
3;786096;M.31..MB687_C1_TIUL.2B1_16_1;TIUL.2B1;2TRKMR;16;1-87G;N_103_191_01;-;372;SP_MB687C1;1;1-49A;-;-;N_037_008_8;-;-;2298;BR;0,5;M.31..MB687_C1;x;x;786096;;;;;;
3;786100;M.GND..AC_LIN_THUKV.1A1_5_1;THUKV.1A1;1KV;5;1-47A;N_105_112_03;357_972_740_E;367;SP_GNDWP;1;1-49A;-;-;N_037_008_5;-;-;304;BR/BL;0,5;M.GND..AC_LIN;-;x;786100;;;;;;
3;786107;M.GND..AC_LIN_367_1_1;367;SP_GNDWP;1;1-49A;-;-;XA.G805.1;KDS;1;1-47D;N_105_112_03;357_972_740_E;N_037_008_5;-;-;439;BR/BL;0,5;M.GND..AC_LIN;x;-;786107;;;;;;
3;786112;V.87A_KLMR.._B353_1_1;B353;SP_87KLMR_2;1;1-47A;-;-;XA.G805.1;KDS;3;1-47D;N_105_112_03;357_972_740_E;N_037_009_5;-;-;343;SW/BL;0,5;V.87A_KLMR..;x;-;786112;;;;;;
3;786113;M.GND..AC_LIN_TIUL.2C1_3_1;TIUL.2C1;3TRKMR;3;1-87G;N_105_982_01;-;367;SP_GNDWP;1;1-49A;-;-;N_037_008_5;-;-;2253;BR/BL;0,5;M.GND..AC_LIN;x;x;786113;;;;;;
3;786114;V.30A..EM_F11_XF.SB.3_93_1;E-BOX;EMBF;11A;1-33H;N_907_326_01;-;E-BOX;EMBF;93;1-33H;N_105_117_01;-;N_037_023_9;-;-;0;RT/SW;1;V.30A..EM_F11;x;x;786114;;;;;;
3;786115;V.87A_KLMR.._XF.SB.3_95_1;E-BOX;EMBF;95;1-33H;N_105_117_01;-;B352;SP_87KLMR_1;1;1-54H;-;-;N_037_029_5;-;-;865;SW/BL;1;V.87A_KLMR..;x;x;786115;;;;;;
3;786120;M.GND..AC_LIN_367_1_2;367;SP_GNDWP;1;1-49A;-;-;XA.G395.1;DTS1;1;1-48C;N_105_975_02;3B0_972_742_C;N_037_008_5;-;-;394;BR/BL;0,5;M.GND..AC_LIN;x;-;786120;;;;;;
3;786121;V.87A_KLMR.._B353_1_2;B353;SP_87KLMR_2;1;1-47A;-;-;XA.G395.1;DTS1;4;1-48C;N_105_975_02;3B0_972_742_C;N_037_009_5;-;-;298;SW/BL;0,5;V.87A_KLMR..;x;-;786121;;;;;;
3;786123;V.87A_KLMR.._B352_1_3;B352;SP_87KLMR_1;1;1-54H;-;-;XA.G238.1.1;LGS_AS;1;1-60E;N_907_649_02;3B0_972_742_C;N_037_009_5;-;-;1323;SW/BL;0,5;V.87A_KLMR..;x;-;786123;;;;;;
3;786124;M.31..MB687_C1_372_1_4;372;SP_MB687C1;1;1-49A;-;-;XA.G238.1.1;LGS_AS;2;1-60E;N_907_649_02;3B0_972_742_C;N_037_008_8;-;-;2689;BR;0,5;M.31..MB687_C1;x;-;786124;;;;;;
3;786125;V.87A_KLMR.._B352_1_4;B352;SP_87KLMR_1;1;1-54H;-;-;XA.G935.1.1;LGS2_AS;1;1-60D;N_907_649_02;3B0_972_742_C;N_037_009_5;-;-;1323;SW/BL;0,5;V.87A_KLMR..;-;x;786125;;;;;;
3;786126;M.31..MB687_C1_372_1_5;372;SP_MB687C1;1;1-49A;-;-;XA.G935.1.1;LGS2_AS;2;1-60D;N_907_649_02;3B0_972_742_C;N_037_008_8;-;-;2689;BR;0,5;M.31..MB687_C1;-;x;786126;;;;;;
3;786127;V.87A_KLMR.._TFWV.1B1_10_1;TFWV.1B1;2FWVW;10;1-42D;N_103_361_02;357_972_740_E;B352;SP_87KLMR_1;1;1-54H;-;-;N_037_009_5;-;-;530;SW/BL;0,5;V.87A_KLMR..;-;x;786127;;;;;;
3;786130;M.31..MB687_C1_TFWV.1B1_12_1;TFWV.1B1;2FWVW;12;1-42D;N_103_361_02;357_972_740_E;372;SP_MB687C1;1;1-49A;-;-;N_037_008_8;-;-;2066;BR;0,5;M.31..MB687_C1;x;x;786130;;;;;;
3;786131;V.87A_KLMR.._TIUL.2C1_14_1;TIUL.2C1;3TRKMR;14;1-87G;N_107_768_01;-;B352;SP_87KLMR_1;1;1-54H;-;-;N_037_029_5;-;-;1022;SW/BL;1;V.87A_KLMR..;x;x;786131;;;;;;
3;786132;S.ASV_KM_C.._TIUL.2C1_7_1;TIUL.2C1;3TRKMR;7;1-87G;N_105_981_01;-;XA.V424.1;AVKLI;1;1-56A;N_105_111_03;357_972_740_E;N_037_090_0;-;-;2128;WS;0,35;S.ASV_KM_C..;x;-;786132;;;;;;
3;786133;M.31..MB792_A1_83_1_7;83;SP_MB792A2;1;1-53B;-;-;XA.V424.1;AVKLI;2;1-56A;N_105_111_03;357_972_740_E;N_037_098_8;-;-;355;BR;0,35;M.31..MB792_A1;x;-;786133;;;;;;
3;786135;V.87A_KLMR.._XA.N636.2_1_1;XA.N636.2;EXV1;1;1-60A;N_105_975_02;3B0_972_742_C;B353;SP_87KLMR_2;1;1-47A;-;-;N_037_009_5;-;-;587;SW/BL;0,5;V.87A_KLMR..;x;-;786135;;;;;;
3;786136;M.31..MB687_C1_372_1_3;372;SP_MB687C1;1;1-49A;-;-;XA.N636.2;EXV1;4;1-60A;N_105_975_02;3B0_972_742_C;N_037_008_8;-;-;545;BR;0,5;M.31..MB687_C1;x;-;786136;;;;;;
3;786138;D.AC_LIN..1_XA.G238.1.1_3_1;XA.G238.1.1;LGS_AS;3;1-60E;N_907_647_02;3B0_972_742_B;TIUR.2A1;7TRKMR;7;1-86B;N_105_974_01;-;N_037_094_5;-;-;3214;VI/BL;0,35;D.AC_LIN.1EE_051.;x;-;786138;;;;;;
3;786139;D.AC_LIN..1_B710_1_1;B842;SP_LIN2MR;1;1-53A;-;-;XA.G805.1;KDS;2;1-47D;N_105_111_03;357_972_740_E;N_037_094_0;-;-;520;VI/WS;0,35;D.AC_LIN2.1EE_051.;x;-;786139;;;;;;
3;786141;D.AC_LIN..1_XA.G935.1.1_3_1;XA.G935.1.1;LGS2_AS;3;1-60D;N_907_647_02;3B0_972_742_B;TIUR.2A1;7TRKMR;7;1-86B;N_105_974_01;-;N_037_094_5;-;-;3214;VI/BL;0,35;D.AC_LIN.1EE_051.;-;x;786141;;;;;;
3;786142;D.AC_LIN..1_TFWV.1B1_1_1;TFWV.1B1;2FWVW;1;1-42D;N_103_360_03;357_972_740_E;B528;SP_LIN3MR;1;1-71B;-;-;N_037_094_3;-;-;1685;VI/RT;0,35;D.AC_LIN3.1EE_051.;x;x;786142;;;;;;
3;786143;ID_WIR42;ID_CON18;SP_LIN6MR;1;1-71B;-;-;TIUR.2A1;7TRKMR;13;1-86B;N_105_974_01;-;N_037_094_0;-;-;1106;VI/WS;0,35;D.AC_LIN6..;-;x;786143;;;;;;
3;786144;D.AC_LIN..1_TGEB.1A1_3_1;TGEB.1A1;1GEB;3;1-55C;N_907_326_02;357_972_742;B528;SP_LIN3MR;1;1-71B;-;-;N_037_004_3;-;-;2074;VI/RT;0,5;D.AC_LIN3.1EE_051.;x;x;786144;;;;;;
3;786145;D.AC_LIN2.._B842_1_1;B528;SP_LIN3MR;1;1-71B;-;-;XA.N636.2;EXV1;3;1-60A;N_105_974_02;3B0_972_742_B;N_037_094_3;-;-;466;VI/RT;0,35;D.AC_LIN2..;x;-;786145;;;;;;
3;786146;D.AC_LIN2.._XA.G395.1_2_1;XA.G395.1;DTS1;2;1-48C;N_105_975_02;3B0_972_742_C;B528;SP_LIN3MR;1;1-71B;-;-;N_037_004_3;-;-;721;VI/RT;0,5;D.AC_LIN3.1EE_051.;x;-;786146;;;;;;
3;786147;D.AC_LIN3.._B528_1_1;B528;SP_LIN3MR;1;1-71B;-;-;TIUR.2A1;7TRKMR;11;1-86B;N_105_974_01;-;N_037_094_3;-;-;1106;VI/RT;0,35;D.AC_LIN3.1EE_051.;x;x;786147;;;;;;
3;786148;D.AC_LIN3.._B528_1_2;ID_CON18;SP_LIN6MR;1;1-71B;-;-;TFWV.1B1;2FWVW;2;1-42D;N_103_360_03;357_972_740_E;N_037_094_0;-;-;1685;VI/WS;0,35;D.AC_LIN6..;-;x;786148;;;;;;
3;786149;D.AC_LIN3.._B528_1_3;ID_CON18;SP_LIN6MR;1;1-71B;-;-;THUKV.1A1;1KV;2;1-47A;N_105_111_03;357_972_740_E;N_037_094_0;-;-;631;VI/WS;0,35;D.AC_LIN6..;-;x;786149;;;;;;
3;786151;V.87A_KLMR.._TFWV.1B1_2_1;TFWV.1B1;2FWVW;14;1-42D;N_103_361_02;357_972_740_E;B352;SP_87KLMR_1;1;1-54H;-;-;N_037_009_5;-;-;530;SW/BL;0,5;V.87A_KLMR..;x;x;786151;;;;;;
3;786152;M.GND..AC_LIN_TFWV.1B1_11_1;TFWV.1B1;2FWVW;7;1-42D;N_103_361_02;357_972_740_E;367;SP_GNDWP;1;1-49A;-;-;N_037_008_5;-;-;2011;BR/BL;0,5;M.GND..AC_LIN;-;x;786152;;;;;;
3;786153;M.31-SM..EX21_B14_TGEB1.1A1_1_1;TGEB1.1A1;2GEB;1;1-55C;N_105_111_03;357_972_740_E;TIUL.2C1;3TRKMR;10;1-87G;N_105_981_01;-;N_037_096_4;-;-;1777;GN/VI;0,35;M.31-SM..EX21_A17;x;x;786153;;;;;;
3;786154;X.9..EX21_B7_TGEB1.1A1_2_1;TGEB1.1A1;2GEB;2;1-55C;N_105_111_03;357_972_740_E;TIUL.2C1;3TRKMR;8;1-87G;N_105_981_01;-;N_037_094_1;-;-;1777;VI/GE;0,35;X.9..EX21_B7;x;x;786154;;;;;;
3;786155;V.5V..EX21_B1_TGEB1.1A1_3_1;TGEB1.1A1;2GEB;3;1-55C;N_105_111_03;357_972_740_E;TIUL.2C1;3TRKMR;9;1-87G;N_105_981_01;-;N_037_094_8;-;-;1777;VI/BR;0,35;V.5V..EX21_B1;x;x;786155;;;;;;
3;786156;X.9..EX21_C8_TGEB1.1A1_4_1;TGEB1.1A1;2GEB;4;1-55C;N_105_111_03;357_972_740_E;TIUL.2C1;3TRKMR;11;1-87G;N_105_981_01;-;N_037_094_9;-;-;1777;VI/SW;0,35;X.9..EX21_C8;x;x;786156;;;;;;
3;786157;X.9..EX21_C10_TGEB1.1A1_5_1;TGEB1.1A1;2GEB;5;1-55C;N_105_111_03;357_972_740_E;TIUL.2C1;3TRKMR;12;1-87G;N_105_981_01;-;N_037_090_0;-;-;1777;WS;0,35;X.9..EX21_C10;x;x;786157;;;;;;
3;786159;V.87A_KLMR.._THUKV.1A1_3_1;THUKV.1A1;1KV;3;1-47A;N_105_112_03;357_972_740_F;B352;SP_87KLMR_1;1;1-54H;-;-;N_037_029_5;-;-;1786;SW/BL;1;V.87A_KLMR..;-;x;786159;;;;;;
3;786160;V.87A_KLMR.._B353_1_3;B353;SP_87KLMR_2;1;1-47A;-;-;B352;SP_87KLMR_1;1;1-54H;-;-;N_037_029_5;-;-;1777;SW/BL;1;V.87A_KLMR..;x;-;786160;;;;;;
1;LTGS.HORN;;;;;;;;;;;;;;;;;;;;;;;;;;;;;
2;V1;11N_970_791_C;LOL/LOR;77 (g);;CU: 39 (g);Al: 0 (g);;;;;;;;;;;;;;;;;;;;;;;
0;Ltg-Nr.;Verbindung;von;Kurzname;Pin;xy;Kontakt;Dichtung;nach;Kurzname;Pin;xy;Kontakt;Dichtung;Leitung;Sonderltg.;Innenleiter;Länge;Farbe;Quer.;Pot.;V1;Ltg-Nr.;;;;;;;
3;791003;S.ANF_Horn_R.._XB.J519.1_43_1;XB.J519.1;SAMB;43;1-82F;N_105_112_01;-;E-BOX;EMBF;62;1-33H;N_105_117_01;-;N_037_003_8;-;-;1447;RT/BR;0,5;S.ANF_Horn_R..;x;791003;;;;;;;
3;791004;M.31..MB673_A1_82_1_3;82;SP_MB673A1;1;1-40H;-;-;XA.H33.1;FHT_AS;2;1-22C;N_104_427_01;357_972_741;N_037_028_8;-;-;1395;BR;1;M.31..MB673_A1;x;791004;;;;;;;
3;791005;V.71b.._XA.H33.1_1_1;XA.H33.1;FHT_AS;1;1-22C;N_104_427_01;357_972_741;E-BOX;EMBF;63;1-33H;N_105_117_01;-;N_037_029_0;-;-;1609;SW/WS;1;V.71b..;x;791005;;;;;;;
